"SPY","AAPL","Date"
-0.0182,-0.0286,"2015-01-05"
-0.0095,1e-04,"2015-01-06"
0.0124,0.0139,"2015-01-07"
0.0176,0.0377,"2015-01-08"
-0.008,0.0011,"2015-01-09"
-0.0079,-0.0249,"2015-01-12"
-0.0028,0.0088,"2015-01-13"
-0.0061,-0.0038,"2015-01-14"
-0.0092,-0.0275,"2015-01-15"
0.013,-0.0078,"2015-01-16"
0.0021,0.0254,"2015-01-20"
0.005,0.0076,"2015-01-21"
0.0148,0.0257,"2015-01-22"
-0.0055,0.0051,"2015-01-23"
0.0023,0.0011,"2015-01-26"
-0.0133,-0.0356,"2015-01-27"
-0.0129,0.055,"2015-01-28"
0.0092,0.0307,"2015-01-29"
-0.0127,-0.0147,"2015-01-30"
0.0123,0.0125,"2015-02-02"
0.0144,2e-04,"2015-02-03"
-0.0038,0.0076,"2015-02-04"
0.01,0.0071,"2015-02-05"
-0.0028,-0.0085,"2015-02-06"
-0.0045,0.0066,"2015-02-09"
0.0106,0.019,"2015-02-10"
6e-04,0.0232,"2015-02-11"
0.0096,0.0126,"2015-02-12"
0.0041,0.0049,"2015-02-13"
0.0016,0.0059,"2015-02-17"
1e-04,0.0069,"2015-02-18"
-7e-04,-0.0021,"2015-02-19"
0.006,0.0081,"2015-02-20"
-1e-04,0.0267,"2015-02-23"
0.0028,-0.0063,"2015-02-24"
-9e-04,-0.0259,"2015-02-25"
-0.0012,0.0126,"2015-02-26"
-0.0034,-0.0151,"2015-02-27"
0.0063,0.0049,"2015-03-02"
-0.0041,0.0021,"2015-03-03"
-0.0042,-0.0064,"2015-03-04"
0.0011,-0.0167,"2015-03-05"
-0.0142,0.0015,"2015-03-06"
0.0041,0.0043,"2015-03-09"
-0.0164,-0.0209,"2015-03-10"
-0.0023,-0.0184,"2015-03-11"
0.0126,0.0179,"2015-03-12"
-0.0062,-0.0069,"2015-03-13"
0.0133,0.0109,"2015-03-16"
-0.003,0.0166,"2015-03-17"
0.0119,0.0112,"2015-03-18"
-0.0046,-0.0076,"2015-03-19"
0.0088,-0.0126,"2015-03-20"
-0.002,0.0104,"2015-03-23"
-0.0056,-0.0041,"2015-03-24"
-0.0148,-0.0265,"2015-03-25"
-0.0024,0.0069,"2015-03-26"
0.0023,-0.008,"2015-03-27"
0.0121,0.025,"2015-03-30"
-0.0088,-0.0155,"2015-03-31"
-0.0035,-0.0014,"2015-04-01"
0.0036,0.0086,"2015-04-02"
0.0067,0.0161,"2015-04-06"
-0.0026,-0.0106,"2015-04-07"
0.0034,-0.0033,"2015-04-08"
0.0044,0.0076,"2015-04-09"
0.0054,0.0043,"2015-04-10"
-0.0045,-0.002,"2015-04-13"
0.0019,-0.0043,"2015-04-14"
0.0045,0.0038,"2015-04-15"
-3e-04,-0.0048,"2015-04-16"
-0.0116,-0.0113,"2015-04-17"
0.0091,0.0226,"2015-04-20"
-0.0012,-0.0054,"2015-04-21"
0.0049,0.0134,"2015-04-22"
0.0025,0.0081,"2015-04-23"
0.0023,0.0047,"2015-04-24"
-0.0042,0.018,"2015-04-27"
0.0032,-0.0159,"2015-04-28"
-0.0041,-0.0148,"2015-04-29"
-0.0101,-0.0275,"2015-04-30"
0.0108,0.0299,"2015-05-01"
0.0028,-0.0019,"2015-05-04"
-0.0115,-0.0228,"2015-05-05"
-0.0041,-0.0063,"2015-05-06"
0.004,0.0062,"2015-05-07"
0.0131,0.0187,"2015-05-08"
-0.0048,-0.0102,"2015-05-11"
-0.003,-0.0036,"2015-05-12"
2e-04,0.0011,"2015-05-13"
0.0104,0.0231,"2015-05-14"
0.0011,-0.0014,"2015-05-15"
0.0031,0.011,"2015-05-18"
-3e-04,-9e-04,"2015-05-19"
-7e-04,-1e-04,"2015-05-20"
0.0029,0.0102,"2015-05-21"
-0.0024,0.0087,"2015-05-22"
-0.0108,-0.0223,"2015-05-26"
0.0094,0.0185,"2015-05-27"
-0.0011,-0.002,"2015-05-28"
-0.0062,-0.0114,"2015-05-29"
0.002,0.002,"2015-06-01"
-0.001,-0.0045,"2015-06-02"
0.0026,0.0012,"2015-06-03"
-0.0085,-0.0059,"2015-06-04"
-0.0017,-0.0055,"2015-06-05"
-0.0062,-0.0066,"2015-06-08"
-1e-04,-0.003,"2015-06-09"
0.0119,0.0114,"2015-06-10"
0.0032,-0.0023,"2015-06-11"
-0.0077,-0.0111,"2015-06-12"
-0.0043,-0.002,"2015-06-15"
0.0054,0.0053,"2015-06-16"
0.0016,-0.0024,"2015-06-17"
0.0103,0.0045,"2015-06-18"
-0.0044,-0.0101,"2015-06-19"
0.0051,0.0079,"2015-06-22"
7e-04,-0.0046,"2015-06-23"
-0.0073,0.0085,"2015-06-24"
-0.003,-0.0048,"2015-06-25"
-2e-04,-0.0059,"2015-06-26"
-0.0212,-0.0177,"2015-06-29"
0.0021,0.0072,"2015-06-30"
0.008,0.0093,"2015-07-01"
-9e-04,-0.0013,"2015-07-02"
-0.0028,-0.0035,"2015-07-06"
0.0063,-0.0025,"2015-07-07"
-0.0169,-0.0251,"2015-07-08"
0.0018,-0.0206,"2015-07-09"
0.0125,0.0264,"2015-07-10"
0.011,0.0191,"2015-07-13"
0.0043,-4e-04,"2015-07-14"
-3e-04,0.0096,"2015-07-15"
0.008,0.0132,"2015-07-16"
8e-04,0.0086,"2015-07-17"
5e-04,0.0187,"2015-07-20"
-0.004,-0.01,"2015-07-21"
-0.0018,-0.0432,"2015-07-22"
-0.0056,-5e-04,"2015-07-23"
-0.0104,-0.0053,"2015-07-24"
-0.0058,-0.014,"2015-07-27"
0.0122,0.005,"2015-07-28"
0.0069,-0.0032,"2015-07-29"
2e-04,-0.0051,"2015-07-30"
-0.0015,-0.0088,"2015-07-31"
-0.0034,-0.0239,"2015-08-03"
-0.002,-0.0326,"2015-08-04"
0.0033,0.0066,"2015-08-05"
-0.0082,0.0022,"2015-08-06"
-0.0019,0.0034,"2015-08-07"
0.0125,0.0357,"2015-08-10"
-0.0091,-0.0534,"2015-08-11"
0.0012,0.0153,"2015-08-12"
-0.0012,-8e-04,"2015-08-13"
0.0036,0.007,"2015-08-14"
0.0056,0.0103,"2015-08-17"
-0.0029,-0.0056,"2015-08-18"
-0.0079,-0.0129,"2015-08-19"
-0.0211,-0.0207,"2015-08-20"
-0.0306,-0.0631,"2015-08-21"
-0.043,-0.0253,"2015-08-24"
-0.0118,0.006,"2015-08-25"
0.0377,0.0558,"2015-08-26"
0.0244,0.029,"2015-08-27"
1e-04,0.0033,"2015-08-28"
-0.0081,-0.0047,"2015-08-31"
-0.0303,-0.0457,"2015-09-01"
0.0188,0.042,"2015-09-02"
7e-04,-0.0177,"2015-09-03"
-0.0153,-0.01,"2015-09-04"
0.0248,0.0274,"2015-09-08"
-0.0135,-0.0194,"2015-09-09"
0.0054,0.0217,"2015-09-10"
0.0045,0.0145,"2015-09-11"
-0.0037,0.0096,"2015-09-14"
0.0124,0.0084,"2015-09-15"
0.0086,0.0011,"2015-09-16"
-0.0023,-0.0216,"2015-09-17"
-0.0165,-0.0041,"2015-09-18"
0.0052,0.0154,"2015-09-21"
-0.0131,-0.0158,"2015-09-22"
-0.0016,0.0081,"2015-09-23"
-0.0036,0.0059,"2015-09-24"
-3e-04,-0.0025,"2015-09-25"
-0.0254,-0.02,"2015-09-28"
6e-04,-0.0305,"2015-09-29"
0.0185,0.0113,"2015-09-30"
0.0026,-0.0065,"2015-10-01"
0.0148,0.0073,"2015-10-02"
0.0176,0.0036,"2015-10-05"
-0.0034,0.0048,"2015-10-06"
0.0082,-0.0048,"2015-10-07"
0.009,-0.0116,"2015-10-08"
6e-04,0.0236,"2015-10-09"
9e-04,-0.0046,"2015-10-12"
-0.0063,0.0017,"2015-10-13"
-0.0048,-0.0142,"2015-10-14"
0.0152,0.0149,"2015-10-15"
0.0045,-0.0074,"2015-10-16"
5e-04,0.0062,"2015-10-19"
-0.0013,0.0181,"2015-10-20"
-0.0062,-1e-04,"2015-10-21"
0.0168,0.0152,"2015-10-22"
0.0109,0.0305,"2015-10-23"
-0.0025,-0.0324,"2015-10-26"
-0.0019,-0.0064,"2015-10-27"
0.0113,0.0404,"2015-10-28"
-6e-04,0.0105,"2015-10-29"
-0.0043,-0.0086,"2015-10-30"
0.0118,0.014,"2015-11-02"
0.0029,0.0114,"2015-11-03"
-0.003,-0.0047,"2015-11-04"
-0.001,-0.0046,"2015-11-05"
-5e-04,0.0012,"2015-11-06"
-0.0094,-0.0041,"2015-11-09"
0.0023,-0.032,"2015-11-10"
-0.0039,-0.0057,"2015-11-11"
-0.0141,-0.0034,"2015-11-12"
-0.0113,-0.0296,"2015-11-13"
0.0151,0.0162,"2015-11-16"
-7e-04,-0.0043,"2015-11-17"
0.0157,0.0312,"2015-11-18"
-9e-04,0.0126,"2015-11-19"
0.0036,0.0044,"2015-11-20"
-0.0011,-0.0131,"2015-11-23"
0.0013,0.0096,"2015-11-24"
-1e-04,-0.0072,"2015-11-25"
0.0011,-0.0019,"2015-11-27"
-0.0042,0.0042,"2015-11-30"
0.0095,-0.0081,"2015-12-01"
-0.0103,-0.0091,"2015-12-02"
-0.0141,-0.0093,"2015-12-03"
0.0193,0.0327,"2015-12-04"
-0.0061,-0.0063,"2015-12-07"
-0.0067,-4e-04,"2015-12-08"
-0.0078,-0.0223,"2015-12-09"
0.0026,0.0047,"2015-12-10"
-0.0196,-0.0261,"2015-12-11"
0.005,-0.0062,"2015-12-14"
0.0104,-0.0179,"2015-12-15"
0.0145,0.0077,"2015-12-16"
-0.0154,-0.0214,"2015-12-17"
-0.018,-0.0274,"2015-12-18"
0.0082,0.0122,"2015-12-21"
0.009,-9e-04,"2015-12-22"
0.0123,0.0128,"2015-12-23"
-0.0017,-0.0054,"2015-12-24"
-0.0023,-0.0113,"2015-12-28"
0.0106,0.0178,"2015-12-29"
-0.0071,-0.0131,"2015-12-30"
-0.0101,-0.0194,"2015-12-31"
-0.0141,9e-04,"2016-01-04"
0.0017,-0.0254,"2016-01-05"
-0.0127,-0.0198,"2016-01-06"
-0.0243,-0.0431,"2016-01-07"
-0.011,0.0053,"2016-01-08"
0.001,0.0161,"2016-01-11"
0.008,0.0144,"2016-01-12"
-0.0253,-0.026,"2016-01-13"
0.0163,0.0216,"2016-01-14"
-0.0217,-0.0243,"2016-01-15"
0.0013,-0.0049,"2016-01-19"
-0.0129,0.0013,"2016-01-20"
0.0056,-0.0051,"2016-01-21"
0.0203,0.0518,"2016-01-22"
-0.0152,-0.0197,"2016-01-25"
0.0136,0.0055,"2016-01-26"
-0.0109,-0.068,"2016-01-27"
0.0052,0.0071,"2016-01-28"
0.0241,0.034,"2016-01-29"
-4e-04,-0.0094,"2016-02-01"
-0.0182,-0.0204,"2016-02-02"
0.006,0.0196,"2016-02-03"
0.0016,0.008,"2016-02-04"
-0.0192,-0.0271,"2016-02-05"
-0.0136,0.0105,"2016-02-08"
1e-04,-2e-04,"2016-02-09"
-9e-04,-0.0076,"2016-02-10"
-0.0131,-0.0061,"2016-02-11"
0.0204,0.0031,"2016-02-12"
0.0167,0.0278,"2016-02-16"
0.0162,0.0152,"2016-02-17"
-0.0041,-0.0191,"2016-02-18"
-5e-04,-0.0023,"2016-02-19"
0.0144,0.0087,"2016-02-22"
-0.0127,-0.0229,"2016-02-23"
0.0046,0.0148,"2016-02-24"
0.012,0.0068,"2016-02-25"
-0.0023,0.0015,"2016-02-26"
-0.0079,-0.0023,"2016-02-29"
0.0232,0.0389,"2016-03-01"
0.0045,0.0022,"2016-03-02"
0.0039,0.0074,"2016-03-03"
0.0032,0.0148,"2016-03-04"
8e-04,-0.0111,"2016-03-07"
-0.011,-0.0083,"2016-03-08"
0.0049,9e-04,"2016-03-09"
8e-04,5e-04,"2016-03-10"
0.016,0.0107,"2016-03-11"
-0.0013,0.0025,"2016-03-14"
-0.0016,0.0199,"2016-03-15"
0.0058,0.0132,"2016-03-16"
0.0063,-0.0016,"2016-03-17"
0.0039,0.0011,"2016-03-18"
0.0014,-1e-04,"2016-03-21"
-5e-04,0.0076,"2016-03-22"
-0.0066,-0.0055,"2016-03-23"
-4e-04,-0.0043,"2016-03-24"
6e-04,-0.0046,"2016-03-28"
0.0092,0.0234,"2016-03-29"
0.0044,0.0173,"2016-03-30"
-0.0024,-0.0052,"2016-03-31"
0.0068,0.0091,"2016-04-01"
-0.0032,0.0102,"2016-04-04"
-0.01,-0.0119,"2016-04-05"
0.0109,0.0104,"2016-04-06"
-0.012,-0.0221,"2016-04-07"
0.0027,0.0011,"2016-04-08"
-0.0023,0.0033,"2016-04-11"
0.0093,0.0129,"2016-04-12"
0.0101,0.0144,"2016-04-13"
0,5e-04,"2016-04-14"
-0.0011,-0.0203,"2016-04-15"
0.007,-0.0218,"2016-04-18"
0.0031,-0.0053,"2016-04-19"
0.001,0.0021,"2016-04-20"
-0.0054,-0.0109,"2016-04-21"
0,-0.0027,"2016-04-22"
-0.0017,-0.0057,"2016-04-25"
0.0015,-0.007,"2016-04-26"
0.0021,-0.0646,"2016-04-27"
-0.0091,-0.031,"2016-04-28"
-0.0054,-0.0116,"2016-04-29"
0.0079,-0.0011,"2016-05-02"
-0.0087,0.0163,"2016-05-03"
-0.0056,-0.0105,"2016-05-04"
-2e-04,-0.0041,"2016-05-05"
0.0037,-0.0056,"2016-05-06"
8e-04,8e-04,"2016-05-09"
0.0124,0.0068,"2016-05-10"
-0.0094,-0.0098,"2016-05-11"
3e-04,-0.0237,"2016-05-12"
-0.0088,0.002,"2016-05-13"
0.0098,0.0364,"2016-05-16"
-0.0094,-0.0042,"2016-05-17"
3e-04,0.0114,"2016-05-18"
-0.0035,-0.0038,"2016-05-19"
0.0063,0.0108,"2016-05-20"
-0.0014,0.0126,"2016-05-23"
0.0129,0.0151,"2016-05-24"
0.0068,0.0174,"2016-05-25"
3e-04,0.0079,"2016-05-26"
0.0043,-6e-04,"2016-05-27"
-0.0019,-0.0049,"2016-05-31"
0.002,-0.0141,"2016-06-01"
0.003,-0.0075,"2016-06-02"
-0.003,0.002,"2016-06-03"
0.0051,0.0072,"2016-06-06"
0.0016,0.004,"2016-06-07"
0.0033,-9e-04,"2016-06-08"
-0.0014,0.0072,"2016-06-09"
-0.0095,-0.0083,"2016-06-10"
-0.0077,-0.0152,"2016-06-13"
-0.002,0.0012,"2016-06-14"
-0.0014,-0.0033,"2016-06-15"
0.003,0.0042,"2016-06-16"
-0.0037,-0.023,"2016-06-17"
0.0064,-0.0024,"2016-06-20"
0.0028,0.0085,"2016-06-21"
-0.0016,-0.0038,"2016-06-22"
0.0129,0.0057,"2016-06-23"
-0.0366,-0.0285,"2016-06-24"
-0.0181,-0.0147,"2016-06-27"
0.0179,0.0167,"2016-06-28"
0.0169,0.0086,"2016-06-29"
0.0136,0.0126,"2016-06-30"
0.0021,0.003,"2016-07-01"
-0.0072,-0.0094,"2016-07-05"
0.006,0.0057,"2016-07-06"
-6e-04,0.0043,"2016-07-07"
0.0148,0.0077,"2016-07-08"
0.0035,0.0031,"2016-07-11"
0.0072,0.0045,"2016-07-12"
-1e-04,-0.0057,"2016-07-13"
0.0056,0.0196,"2016-07-14"
-0.0013,-1e-04,"2016-07-15"
0.0027,0.0106,"2016-07-18"
-0.001,4e-04,"2016-07-19"
0.0042,9e-04,"2016-07-20"
-0.0038,-0.0053,"2016-07-21"
0.0045,-0.0078,"2016-07-22"
-0.0027,-0.0135,"2016-07-25"
5e-04,-0.0069,"2016-07-26"
-0.0011,0.0629,"2016-07-27"
0.0012,0.0134,"2016-07-28"
0.0016,-0.0012,"2016-07-29"
-8e-04,0.0175,"2016-08-01"
-0.0064,-0.0149,"2016-08-02"
0.0029,0.0125,"2016-08-03"
0.0011,0.0062,"2016-08-04"
0.0081,0.0151,"2016-08-05"
-6e-04,0.0082,"2016-08-08"
6e-04,0.0041,"2016-08-09"
-0.0025,-0.0075,"2016-08-10"
0.0046,-6e-04,"2016-08-11"
-9e-04,0.0023,"2016-08-12"
0.0029,0.0119,"2016-08-15"
-0.0052,-9e-04,"2016-08-16"
0.0019,-0.0015,"2016-08-17"
0.0022,-0.0013,"2016-08-18"
-0.0015,0.0026,"2016-08-19"
0,-0.0078,"2016-08-22"
0.002,0.0031,"2016-08-23"
-0.0051,-0.0076,"2016-08-24"
-7e-04,-0.0043,"2016-08-25"
-0.0019,-0.0059,"2016-08-26"
0.0049,-0.0011,"2016-08-29"
-0.0016,-0.0077,"2016-08-30"
-0.0028,9e-04,"2016-08-31"
0,0.0059,"2016-09-01"
0.0045,0.0093,"2016-09-02"
0.003,-3e-04,"2016-09-06"
-1e-04,0.0061,"2016-09-07"
-0.0023,-0.0266,"2016-09-08"
-0.0242,-0.0229,"2016-09-09"
0.0142,0.0222,"2016-09-12"
-0.0145,0.0235,"2016-09-13"
-4e-04,0.0348,"2016-09-14"
0.0099,0.0334,"2016-09-15"
-0.0039,-0.0056,"2016-09-16"
2e-04,-0.0117,"2016-09-19"
0,-1e-04,"2016-09-20"
0.0112,-2e-04,"2016-09-21"
0.0063,0.0094,"2016-09-22"
-0.0055,-0.0168,"2016-09-23"
-0.0081,0.0015,"2016-09-26"
0.0062,0.0019,"2016-09-27"
0.005,0.0076,"2016-09-28"
-0.0091,-0.0157,"2016-09-29"
0.0075,0.0077,"2016-09-30"
-0.0024,-0.0047,"2016-10-03"
-0.0051,0.0043,"2016-10-04"
0.0044,4e-04,"2016-10-05"
7e-04,0.0074,"2016-10-06"
-0.0034,0.0015,"2016-10-07"
0.0052,0.0173,"2016-10-10"
-0.0127,0.0022,"2016-10-11"
0.0013,0.0089,"2016-10-12"
-0.0033,-0.0031,"2016-10-13"
5e-04,0.0055,"2016-10-14"
-0.0035,-7e-04,"2016-10-17"
0.0062,-7e-04,"2016-10-18"
0.0027,-0.003,"2016-10-19"
-0.0019,-5e-04,"2016-10-20"
5e-04,-0.0039,"2016-10-21"
0.0042,0.009,"2016-10-24"
-0.0034,0.0051,"2016-10-25"
-0.002,-0.0228,"2016-10-26"
-0.0027,-0.0096,"2016-10-27"
-0.003,-0.0067,"2016-10-28"
0,-0.0016,"2016-10-31"
-0.0073,-0.0182,"2016-11-01"
-0.006,9e-04,"2016-11-02"
-0.0046,-0.0108,"2016-11-03"
-0.0011,-0.0091,"2016-11-04"
0.0218,0.0143,"2016-11-07"
0.0045,0.0059,"2016-11-08"
0.0105,-0.0016,"2016-11-09"
0.0025,-0.0283,"2016-11-10"
-0.0023,0.0059,"2016-11-11"
8e-04,-0.0254,"2016-11-14"
0.0078,0.0132,"2016-11-15"
-0.0019,0.0265,"2016-11-16"
0.0051,-4e-04,"2016-11-17"
-0.0022,0.001,"2016-11-18"
0.0075,0.0151,"2016-11-21"
0.002,6e-04,"2016-11-22"
5e-04,-0.0051,"2016-11-23"
0.0037,0.005,"2016-11-25"
-0.0047,-0.002,"2016-11-28"
0.0019,-0.001,"2016-11-29"
-0.0024,-0.0085,"2016-11-30"
-0.0037,-0.0094,"2016-12-01"
5e-04,0.0037,"2016-12-02"
0.006,-0.0072,"2016-12-05"
0.0032,0.0077,"2016-12-06"
0.013,0.0098,"2016-12-07"
0.0024,0.0098,"2016-12-08"
0.006,0.0162,"2016-12-09"
-0.0011,-0.0057,"2016-12-12"
0.0067,0.0165,"2016-12-13"
-0.0083,0,"2016-12-14"
0.0041,0.0055,"2016-12-15"
-0.002,0.0013,"2016-12-16"
0.0022,0.0058,"2016-12-19"
0.0038,0.0027,"2016-12-20"
-0.0028,9e-04,"2016-12-21"
-0.0017,-0.0066,"2016-12-22"
0.0015,0.002,"2016-12-23"
0.0025,0.0063,"2016-12-27"
-0.0083,-0.0043,"2016-12-28"
-2e-04,-3e-04,"2016-12-29"
-0.0037,-0.0078,"2016-12-30"
0.0076,0.0028,"2017-01-03"
0.0059,-0.0011,"2017-01-04"
-8e-04,0.0051,"2017-01-05"
0.0036,0.0111,"2017-01-06"
-0.0033,0.0091,"2017-01-09"
0,0.001,"2017-01-10"
0.0028,0.0054,"2017-01-11"
-0.0025,-0.0042,"2017-01-12"
0.0023,-0.0018,"2017-01-13"
-0.0035,0.008,"2017-01-17"
0.0022,-1e-04,"2017-01-18"
-0.0037,-0.0018,"2017-01-19"
0.0037,0.0018,"2017-01-20"
-0.0026,7e-04,"2017-01-23"
0.0064,-9e-04,"2017-01-24"
0.0086,0.0158,"2017-01-25"
-0.001,5e-04,"2017-01-26"
-0.0016,1e-04,"2017-01-27"
-0.0062,-0.0026,"2017-01-30"
-1e-04,-0.0023,"2017-01-31"
4e-04,0.0592,"2017-02-01"
7e-04,-0.0017,"2017-02-02"
0.0069,0.0043,"2017-02-03"
-0.0018,0.0093,"2017-02-06"
0,0.0095,"2017-02-07"
0.0013,0.0039,"2017-02-08"
0.0059,0.0072,"2017-02-09"
0.0039,-0.0023,"2017-02-10"
0.0054,0.0088,"2017-02-13"
0.004,0.0129,"2017-02-14"
0.0052,0.0036,"2017-02-15"
-9e-04,-0.0012,"2017-02-16"
0.0016,0.0027,"2017-02-17"
0.0059,0.0072,"2017-02-21"
-9e-04,0.003,"2017-02-22"
7e-04,-0.0042,"2017-02-23"
0.0013,0.001,"2017-02-24"
0.0016,0.002,"2017-02-27"
-0.0027,4e-04,"2017-02-28"
0.0139,0.0202,"2017-03-01"
-0.0063,-0.006,"2017-03-02"
6e-04,0.0059,"2017-03-03"
-0.003,-0.0032,"2017-03-06"
-0.003,0.0013,"2017-03-07"
-0.0019,-0.0037,"2017-03-08"
0.0013,-0.0023,"2017-03-09"
0.0035,0.0033,"2017-03-10"
5e-04,4e-04,"2017-03-13"
-0.0038,-0.0015,"2017-03-14"
0.0086,0.0105,"2017-03-15"
-0.002,0.0016,"2017-03-16"
-0.0018,-0.005,"2017-03-17"
-0.0011,0.0104,"2017-03-20"
-0.0129,-0.0115,"2017-03-21"
0.0024,0.0112,"2017-03-22"
-0.0011,-0.0035,"2017-03-23"
-7e-04,-0.002,"2017-03-24"
-0.001,0.0017,"2017-03-27"
0.0073,0.0205,"2017-03-28"
9e-04,0.0022,"2017-03-29"
0.0032,-0.0013,"2017-03-30"
-0.0023,-0.0019,"2017-03-31"
-0.0017,3e-04,"2017-04-03"
6e-04,0.0074,"2017-04-04"
-0.003,-0.0052,"2017-04-05"
0.0028,-0.0025,"2017-04-06"
-0.001,-0.0022,"2017-04-07"
6e-04,-0.0012,"2017-04-10"
-0.0012,-0.0108,"2017-04-11"
-0.0044,0.0012,"2017-04-12"
-0.0065,-0.0053,"2017-04-13"
0.0088,0.0055,"2017-04-17"
-0.003,-0.0045,"2017-04-18"
-0.0018,-0.0037,"2017-04-19"
0.0081,0.0124,"2017-04-20"
-0.0032,-0.0012,"2017-04-21"
0.0109,0.0096,"2017-04-24"
0.0058,0.0062,"2017-04-25"
-6e-04,-0.0059,"2017-04-26"
8e-04,8e-04,"2017-04-27"
-0.0022,-0.001,"2017-04-28"
0.0025,0.0202,"2017-05-01"
4e-04,0.0063,"2017-05-02"
-0.0012,-0.0031,"2017-05-03"
0.0012,-0.0036,"2017-05-04"
0.0039,0.0164,"2017-05-05"
-2e-04,0.0268,"2017-05-08"
-9e-04,0.0064,"2017-05-09"
0.0018,-0.0048,"2017-05-10"
-0.002,0.0086,"2017-05-11"
-0.0017,0.0139,"2017-05-12"
0.0055,-0.0026,"2017-05-15"
-9e-04,-0.0015,"2017-05-16"
-0.0179,-0.0342,"2017-05-17"
0.004,0.0151,"2017-05-18"
0.0065,0.0034,"2017-05-19"
0.0051,0.0061,"2017-05-22"
0.0022,-0.0012,"2017-05-23"
0.0023,-0.003,"2017-05-24"
0.0048,0.0035,"2017-05-25"
-2e-04,-0.0017,"2017-05-26"
-9e-04,4e-04,"2017-05-30"
-2e-04,-0.0059,"2017-05-31"
0.0079,0.0027,"2017-06-01"
0.0033,0.0147,"2017-06-02"
-7e-04,-0.0098,"2017-06-05"
-0.0032,0.0034,"2017-06-06"
0.0018,0.0059,"2017-06-07"
5e-04,-0.0024,"2017-06-08"
-0.0015,-0.0395,"2017-06-09"
-2e-04,-0.0242,"2017-06-12"
0.0049,0.008,"2017-06-13"
-0.0013,-0.0098,"2017-06-14"
-0.0019,-0.006,"2017-06-15"
2e-04,-0.0141,"2017-06-16"
0.0083,0.0282,"2017-06-19"
-0.0068,-0.0091,"2017-06-20"
-2e-04,0.0059,"2017-06-21"
-5e-04,-0.0016,"2017-06-22"
0.0012,0.0045,"2017-06-23"
7e-04,-0.0031,"2017-06-26"
-0.0081,-0.0144,"2017-06-27"
0.0089,0.0145,"2017-06-28"
-0.0088,-0.0149,"2017-06-29"
0.0019,0.0024,"2017-06-30"
0.0017,-0.0036,"2017-07-03"
0.0023,0.0041,"2017-07-05"
-0.0092,-0.0095,"2017-07-06"
0.0065,0.0101,"2017-07-07"
0.0011,0.0061,"2017-07-10"
-7e-04,0.0032,"2017-07-11"
0.0075,0.0014,"2017-07-12"
0.0017,0.0138,"2017-07-13"
0.0047,0.0086,"2017-07-14"
-1e-04,0.0035,"2017-07-17"
5e-04,0.0035,"2017-07-18"
0.0054,0.0062,"2017-07-19"
4e-04,-0.0045,"2017-07-20"
-9e-04,-5e-04,"2017-07-21"
-2e-04,0.012,"2017-07-24"
0.0024,0.0043,"2017-07-25"
0,0.0047,"2017-07-26"
-9e-04,-0.0191,"2017-07-27"
-0.0012,-0.0071,"2017-07-28"
-6e-04,-0.0052,"2017-07-31"
0.0022,0.0088,"2017-08-01"
5e-04,0.0462,"2017-08-02"
-0.0019,-0.01,"2017-08-03"
0.0018,0.0053,"2017-08-04"
0.0019,0.0154,"2017-08-07"
-0.0025,0.008,"2017-08-08"
0,0.0061,"2017-08-09"
-0.0142,-0.0324,"2017-08-10"
0.0015,0.0138,"2017-08-11"
0.0099,0.0149,"2017-08-14"
-1e-04,0.0109,"2017-08-15"
0.0017,-0.004,"2017-08-16"
-0.0157,-0.0194,"2017-08-17"
-0.0016,-0.0023,"2017-08-18"
8e-04,-0.0018,"2017-08-21"
0.0104,0.0162,"2017-08-22"
-0.0036,0.0013,"2017-08-23"
-0.0023,-0.0044,"2017-08-24"
0.0023,0.0037,"2017-08-25"
0,0.01,"2017-08-28"
0.0011,0.0089,"2017-08-29"
0.0047,0.0027,"2017-08-30"
0.006,0.004,"2017-08-31"
0.0014,3e-04,"2017-09-01"
-0.0072,-0.0121,"2017-09-05"
0.0034,-0.001,"2017-09-06"
-1e-04,-0.004,"2017-09-07"
-0.0012,-0.0164,"2017-09-08"
0.0106,0.0179,"2017-09-11"
0.0034,-0.004,"2017-09-12"
5e-04,-0.0076,"2017-09-13"
-3e-04,-0.0086,"2017-09-14"
0.0013,0.0101,"2017-09-15"
0.0021,-0.0076,"2017-09-18"
0.001,4e-04,"2017-09-19"
4e-04,-0.0169,"2017-09-20"
-0.0027,-0.0173,"2017-09-21"
2e-04,-0.0098,"2017-09-22"
-0.002,-0.0089,"2017-09-25"
6e-04,0.0171,"2017-09-26"
0.0039,0.0071,"2017-09-27"
0.0012,-0.0062,"2017-09-28"
0.0035,0.0055,"2017-09-29"
0.0043,-0.002,"2017-10-02"
0.0021,0.0043,"2017-10-03"
0.0012,-0.0065,"2017-10-04"
0.0059,0.0124,"2017-10-05"
-0.0011,-6e-04,"2017-10-06"
-0.0017,0.0035,"2017-10-09"
0.0026,4e-04,"2017-10-10"
0.0016,0.0042,"2017-10-11"
-0.0015,-0.0035,"2017-10-12"
0.0012,0.0063,"2017-10-13"
0.0013,0.0182,"2017-10-16"
7e-04,0.0037,"2017-10-17"
0.001,-0.0044,"2017-10-18"
3e-04,-0.0239,"2017-10-19"
0.0051,0.0017,"2017-10-20"
-0.0039,-5e-04,"2017-10-23"
0.0018,0.0059,"2017-10-24"
-0.005,-0.0044,"2017-10-25"
0.0013,0.0064,"2017-10-26"
0.0081,0.0352,"2017-10-27"
-0.0037,0.0223,"2017-10-30"
0.0016,0.0138,"2017-10-31"
0.0013,-0.0128,"2017-11-01"
4e-04,0.0073,"2017-11-02"
0.0033,0.0258,"2017-11-03"
0.0015,0.0101,"2017-11-06"
-7e-04,0.0032,"2017-11-07"
0.0017,0.0081,"2017-11-08"
-0.0036,-0.002,"2017-11-09"
-3e-04,-0.0033,"2017-11-10"
9e-04,-0.004,"2017-11-13"
-0.0023,-0.0152,"2017-11-14"
-0.005,-0.0133,"2017-11-15"
0.0085,0.0119,"2017-11-16"
-0.0029,-0.0056,"2017-11-17"
0.0017,-0.001,"2017-11-20"
0.0065,0.0184,"2017-11-21"
-9e-04,0.0105,"2017-11-22"
0.0023,1e-04,"2017-11-24"
-5e-04,-0.005,"2017-11-27"
0.0101,-0.0059,"2017-11-28"
-6e-04,-0.021,"2017-11-29"
0.0087,0.0139,"2017-11-30"
-0.0021,-0.0047,"2017-12-01"
-0.0012,-0.0073,"2017-12-04"
-0.0036,-9e-04,"2017-12-05"
2e-04,-0.0037,"2017-12-06"
0.0031,0.0018,"2017-12-07"
0.0054,3e-04,"2017-12-08"
0.003,0.0193,"2017-12-11"
0.0018,-0.0056,"2017-12-12"
-1e-04,0.0033,"2017-12-13"
-0.0041,-3e-04,"2017-12-14"
0.0083,0.0101,"2017-12-15"
0.0063,0.014,"2017-12-18"
-0.0038,-0.0107,"2017-12-19"
-5e-04,-0.0011,"2017-12-20"
0.0021,0.0038,"2017-12-21"
-3e-04,0,"2017-12-22"
-0.0012,-0.0257,"2017-12-26"
5e-04,2e-04,"2017-12-27"
0.0021,0.0028,"2017-12-28"
-0.0038,-0.0109,"2017-12-29"
0.0071,0.0177,"2018-01-02"
0.0063,-2e-04,"2018-01-03"
0.0042,0.0046,"2018-01-04"
0.0066,0.0113,"2018-01-05"
0.0018,-0.0037,"2018-01-08"
0.0023,-1e-04,"2018-01-09"
-0.0015,-2e-04,"2018-01-10"
0.0073,0.0057,"2018-01-11"
0.0065,0.0103,"2018-01-12"
-0.0034,-0.0051,"2018-01-16"
0.0095,0.0164,"2018-01-17"
-0.0017,9e-04,"2018-01-18"
0.0045,-0.0045,"2018-01-19"
0.0081,-0.0082,"2018-01-22"
0.0021,2e-04,"2018-01-23"
-4e-04,-0.0161,"2018-01-24"
4e-04,-0.018,"2018-01-25"
0.0115,0.0023,"2018-01-26"
-0.0067,-0.0209,"2018-01-29"
-0.0103,-0.0059,"2018-01-30"
5e-04,0.0028,"2018-01-31"
-0.0011,0.0021,"2018-02-01"
-0.022,-0.0444,"2018-02-02"
-0.0427,-0.0253,"2018-02-05"
0.0195,0.0409,"2018-02-06"
-0.0054,-0.0216,"2018-02-07"
-0.0382,-0.0279,"2018-02-08"
0.0149,0.0122,"2018-02-09"
0.0146,0.0395,"2018-02-12"
0.0025,0.01,"2018-02-13"
0.0134,0.0183,"2018-02-14"
0.0127,0.033,"2018-02-15"
3e-04,-0.0032,"2018-02-16"
-0.0063,-0.0034,"2018-02-20"
-0.005,-0.0045,"2018-02-21"
0.0013,0.0083,"2018-02-22"
0.0158,0.0172,"2018-02-23"
0.0115,0.0196,"2018-02-26"
-0.0126,-0.0032,"2018-02-27"
-0.0102,-0.0015,"2018-02-28"
-0.0146,-0.0177,"2018-03-01"
0.0051,0.0069,"2018-03-02"
0.0115,0.0035,"2018-03-05"
0.0025,-8e-04,"2018-03-06"
-4e-04,-0.0093,"2018-03-07"
0.0048,0.0109,"2018-03-08"
0.0173,0.017,"2018-03-09"
-0.0013,0.0096,"2018-03-12"
-0.0065,-0.0097,"2018-03-13"
-0.0051,-0.0085,"2018-03-14"
-0.0011,0.0012,"2018-03-15"
0.0011,-0.0035,"2018-03-16"
-0.0136,-0.0154,"2018-03-19"
0.0017,-3e-04,"2018-03-20"
-0.0019,-0.0229,"2018-03-21"
-0.0253,-0.0142,"2018-03-22"
-0.0215,-0.0234,"2018-03-23"
0.027,0.0464,"2018-03-26"
-0.0172,-0.026,"2018-03-27"
-0.003,-0.0111,"2018-03-28"
0.0127,0.0078,"2018-03-29"
-0.0218,-0.0066,"2018-04-02"
0.0127,0.0102,"2018-04-03"
0.0106,0.0189,"2018-04-04"
0.0079,0.0069,"2018-04-05"
-0.0225,-0.0259,"2018-04-06"
0.0049,0.0099,"2018-04-09"
0.0158,0.0186,"2018-04-10"
-0.0053,-0.0047,"2018-04-11"
0.0082,0.0098,"2018-04-12"
-0.0029,0.0034,"2018-04-13"
0.0082,0.0062,"2018-04-16"
0.0106,0.0137,"2018-04-17"
7e-04,-0.0022,"2018-04-18"
-0.0056,-0.0287,"2018-04-19"
-0.0085,-0.0418,"2018-04-20"
-1e-04,-0.0029,"2018-04-23"
-0.0136,-0.014,"2018-04-24"
0.0025,0.0043,"2018-04-25"
0.0101,0.0035,"2018-04-26"
9e-04,-0.0116,"2018-04-27"
-0.0077,0.018,"2018-04-30"
0.0018,0.023,"2018-05-01"
-0.0067,0.0432,"2018-05-02"
-0.0022,0.0018,"2018-05-03"
0.0129,0.0385,"2018-05-04"
0.0034,0.0072,"2018-05-07"
0,0.0048,"2018-05-08"
0.0096,0.007,"2018-05-09"
0.0093,0.0142,"2018-05-10"
0.003,-0.0038,"2018-05-11"
5e-04,-0.0023,"2018-05-14"
-0.0069,-0.0091,"2018-05-15"
0.0042,0.0093,"2018-05-16"
-8e-04,-0.0063,"2018-05-17"
-0.0025,-0.0036,"2018-05-18"
0.0075,0.0071,"2018-05-21"
-0.0028,-0.0025,"2018-05-22"
0.0027,0.0064,"2018-05-23"
-0.0021,-0.0011,"2018-05-24"
-0.0024,0.0023,"2018-05-25"
-0.0116,-0.0036,"2018-05-29"
0.0133,-0.0021,"2018-05-30"
-0.0061,-0.0034,"2018-05-31"
0.0098,0.0179,"2018-06-01"
0.0047,0.0083,"2018-06-04"
7e-04,0.0077,"2018-06-05"
0.0083,0.0035,"2018-06-06"
-1e-04,-0.0027,"2018-06-07"
0.003,-0.0091,"2018-06-08"
0.0013,-0.0025,"2018-06-11"
0.0013,0.0055,"2018-06-12"
-0.0032,-0.0083,"2018-06-13"
0.0025,5e-04,"2018-06-14"
-0.0013,-0.0103,"2018-06-15"
-0.0021,-5e-04,"2018-06-18"
-0.0038,-0.0163,"2018-06-19"
0.0017,0.0044,"2018-06-20"
-0.0063,-0.0056,"2018-06-21"
0.0018,-0.0029,"2018-06-22"
-0.0137,-0.015,"2018-06-25"
0.0022,0.0123,"2018-06-26"
-0.0083,-0.0015,"2018-06-27"
0.0057,0.0072,"2018-06-28"
0.0014,-0.0021,"2018-06-29"
0.0021,0.0111,"2018-07-02"
-0.0035,-0.0176,"2018-07-03"
0.0081,0.008,"2018-07-05"
0.0084,0.0138,"2018-07-06"
0.009,0.0138,"2018-07-09"
0.0036,-0.0012,"2018-07-10"
-0.0073,-0.0131,"2018-07-11"
0.009,0.0166,"2018-07-12"
8e-04,0.0016,"2018-07-13"
-9e-04,-0.0022,"2018-07-16"
0.004,0.0028,"2018-07-17"
0.0021,-0.0055,"2018-07-18"
-0.0038,0.0077,"2018-07-19"
-0.0011,-0.0023,"2018-07-20"
0.0019,9e-04,"2018-07-23"
0.005,0.0072,"2018-07-24"
0.0085,0.0094,"2018-07-25"
-0.0024,-0.0031,"2018-07-26"
-0.0068,-0.0168,"2018-07-27"
-0.0052,-0.0056,"2018-07-30"
0.0049,0.002,"2018-07-31"
-0.0017,0.0572,"2018-08-01"
0.0054,0.0288,"2018-08-02"
0.0043,0.0029,"2018-08-03"
0.0037,0.0052,"2018-08-06"
0.0033,-0.0094,"2018-08-07"
-4e-04,7e-04,"2018-08-08"
-0.0014,0.0078,"2018-08-09"
-0.0067,-0.003,"2018-08-10"
-0.0037,0.0064,"2018-08-13"
0.0064,0.0042,"2018-08-14"
-0.0075,0.0023,"2018-08-15"
0.0081,0.0145,"2018-08-16"
0.0035,0.0198,"2018-08-17"
0.0021,-0.0098,"2018-08-20"
0.0023,-0.002,"2018-08-21"
-6e-04,0,"2018-08-22"
-0.0013,0.002,"2018-08-23"
0.006,0.0031,"2018-08-24"
0.0079,0.0082,"2018-08-27"
5e-04,0.008,"2018-08-28"
0.0054,0.0148,"2018-08-29"
-0.0041,0.0092,"2018-08-30"
0,0.0115,"2018-08-31"
-0.0017,0.0032,"2018-09-04"
-0.0027,-0.0065,"2018-09-05"
-0.003,-0.0168,"2018-09-06"
-0.0019,-0.0081,"2018-09-07"
0.0017,-0.0135,"2018-09-10"
0.0033,0.025,"2018-09-11"
2e-04,-0.0125,"2018-09-12"
0.0059,0.0239,"2018-09-13"
2e-04,-0.0114,"2018-09-14"
-0.0053,-0.027,"2018-09-17"
0.0054,0.0017,"2018-09-18"
0.0011,6e-04,"2018-09-19"
0.0081,0.0076,"2018-09-20"
-9e-04,-0.0108,"2018-09-21"
-0.0033,0.0143,"2018-09-24"
-9e-04,0.0063,"2018-09-25"
-0.003,-0.008,"2018-09-26"
0.0028,0.0203,"2018-09-27"
1e-04,0.0035,"2018-09-28"
0.0035,0.0067,"2018-10-01"
-6e-04,0.0088,"2018-10-02"
5e-04,0.0121,"2018-10-03"
-0.0078,-0.0177,"2018-10-04"
-0.0056,-0.0164,"2018-10-05"
0,-0.0023,"2018-10-08"
-0.0015,0.0138,"2018-10-09"
-0.0322,-0.0474,"2018-10-10"
-0.0223,-0.0089,"2018-10-11"
0.0138,0.0351,"2018-10-12"
-0.0056,-0.0216,"2018-10-15"
0.0216,0.0218,"2018-10-16"
2e-04,-0.0043,"2018-10-17"
-0.0145,-0.0237,"2018-10-18"
-5e-04,0.0151,"2018-10-19"
-0.0045,0.0061,"2018-10-22"
-0.0051,0.0094,"2018-10-23"
-0.0308,-0.0349,"2018-10-24"
0.0178,0.0217,"2018-10-25"
-0.0177,-0.0161,"2018-10-26"
-0.0056,-0.0189,"2018-10-29"
0.0147,0.005,"2018-10-30"
0.0106,0.0257,"2018-10-31"
0.0106,0.0152,"2018-11-01"
-0.0059,-0.0686,"2018-11-02"
0.0055,-0.0288,"2018-11-05"
0.0063,0.0108,"2018-11-06"
0.0212,0.0299,"2018-11-07"
-0.0018,-0.0035,"2018-11-08"
-0.0098,-0.0195,"2018-11-09"
-0.0189,-0.0517,"2018-11-12"
-0.0019,-0.01,"2018-11-13"
-0.0069,-0.0287,"2018-11-14"
0.0104,0.0244,"2018-11-15"
0.0026,0.011,"2018-11-16"
-0.0171,-0.0404,"2018-11-19"
-0.0187,-0.049,"2018-11-20"
0.0034,-0.0011,"2018-11-21"
-0.0067,-0.0257,"2018-11-23"
0.016,0.0134,"2018-11-26"
0.0034,-0.0022,"2018-11-27"
0.0228,0.0377,"2018-11-28"
-0.0022,-0.0077,"2018-11-29"
0.0061,-0.0054,"2018-11-30"
0.0132,0.0343,"2018-12-03"
-0.0329,-0.045,"2018-12-04"
-0.0015,-0.0112,"2018-12-06"
-0.0235,-0.0363,"2018-12-07"
0.0019,0.0066,"2018-12-10"
2e-04,-0.0057,"2018-12-11"
0.005,0.0028,"2018-12-12"
-3e-04,0.0109,"2018-12-13"
-0.0186,-0.0325,"2018-12-14"
-0.0198,-0.0093,"2018-12-17"
-0.0011,0.0129,"2018-12-18"
-0.0151,-0.0317,"2018-12-19"
-0.0164,-0.0256,"2018-12-20"
-0.0207,-0.0397,"2018-12-21"
-0.0268,-0.0262,"2018-12-24"
0.0493,0.0681,"2018-12-26"
0.0076,-0.0065,"2018-12-27"
-0.0013,5e-04,"2018-12-28"
0.0087,0.0096,"2018-12-31"
0.001,0.0011,"2019-01-02"
-0.0242,-0.1049,"2019-01-03"
0.0329,0.0418,"2019-01-04"
0.0079,-0.0022,"2019-01-07"
0.0094,0.0189,"2019-01-08"
0.0047,0.0168,"2019-01-09"
0.0035,0.0032,"2019-01-10"
4e-04,-0.0099,"2019-01-11"
-0.0061,-0.0152,"2019-01-14"
0.0114,0.0203,"2019-01-15"
0.0024,0.0121,"2019-01-16"
0.0076,0.0059,"2019-01-17"
0.0132,0.0061,"2019-01-18"
-0.0136,-0.0227,"2019-01-22"
0.0021,0.004,"2019-01-23"
5e-04,-0.008,"2019-01-24"
0.0084,0.0326,"2019-01-25"
-0.0076,-0.0093,"2019-01-28"
-0.0013,-0.0104,"2019-01-29"
0.0157,0.0661,"2019-01-30"
0.0087,0.0072,"2019-01-31"
5e-04,5e-04,"2019-02-01"
0.007,0.028,"2019-02-04"
0.0042,0.017,"2019-02-05"
-0.0013,3e-04,"2019-02-06"
-0.0096,-0.0191,"2019-02-07"
0.0012,0.0012,"2019-02-08"
6e-04,-0.0058,"2019-02-11"
0.0128,0.0086,"2019-02-12"
0.0032,-0.0042,"2019-02-13"
-0.0022,0.0036,"2019-02-14"
0.0108,-0.0022,"2019-02-15"
0.0017,0.003,"2019-02-19"
0.002,0.0064,"2019-02-20"
-0.0036,-0.0057,"2019-02-21"
0.0062,0.0111,"2019-02-22"
0.0014,0.0073,"2019-02-25"
-7e-04,6e-04,"2019-02-26"
-4e-04,0.0031,"2019-02-27"
-0.0019,-0.0099,"2019-02-28"
0.0062,0.0105,"2019-03-01"
-0.0036,0.005,"2019-03-04"
-0.0014,-0.0018,"2019-03-05"
-0.0061,-0.0058,"2019-03-06"
-0.0084,-0.0116,"2019-03-07"
-0.002,0.0024,"2019-03-08"
0.0144,0.0341,"2019-03-11"
0.0038,0.0112,"2019-03-12"
0.0066,0.0044,"2019-03-13"
-6e-04,0.0111,"2019-03-14"
0.0049,0.0129,"2019-03-15"
0.0036,0.0102,"2019-03-18"
2e-04,-0.008,"2019-03-19"
-0.003,0.0087,"2019-03-20"
0.0112,0.0362,"2019-03-21"
-0.0194,-0.0209,"2019-03-22"
-8e-04,-0.0122,"2019-03-25"
0.0074,-0.0104,"2019-03-26"
-0.0052,0.009,"2019-03-27"
0.0038,0.0013,"2019-03-28"
0.0063,0.0065,"2019-03-29"
0.0118,0.0068,"2019-04-01"
5e-04,0.0144,"2019-04-02"
0.0016,0.0068,"2019-04-03"
0.0026,0.0017,"2019-04-04"
0.0048,0.0067,"2019-04-05"
8e-04,0.0156,"2019-04-08"
-0.0051,-0.003,"2019-04-09"
0.0034,0.0056,"2019-04-10"
-3e-04,-0.0084,"2019-04-11"
0.0067,-4e-04,"2019-04-12"
-7e-04,0.0018,"2019-04-15"
7e-04,1e-04,"2019-04-16"
-0.0024,0.0193,"2019-04-17"
0.002,0.0036,"2019-04-18"
9e-04,0.0033,"2019-04-22"
0.009,0.0143,"2019-04-23"
-0.0022,-0.0015,"2019-04-24"
-6e-04,-0.0091,"2019-04-25"
0.0046,-0.0048,"2019-04-26"
0.0016,0.0015,"2019-04-29"
5e-04,-0.0194,"2019-04-30"
-0.0075,0.0479,"2019-05-01"
-0.0022,-0.0065,"2019-05-02"
0.0097,0.0124,"2019-05-03"
-0.0041,-0.0156,"2019-05-06"
-0.0168,-0.0273,"2019-05-07"
-0.0014,2e-04,"2019-05-08"
-0.003,-0.0108,"2019-05-09"
0.005,-0.014,"2019-05-10"
-0.0255,-0.0599,"2019-05-13"
0.009,0.0157,"2019-05-14"
0.0058,0.0119,"2019-05-15"
0.0092,-0.0044,"2019-05-16"
-0.0065,-0.0057,"2019-05-17"
-0.0066,-0.0318,"2019-05-20"
0.009,0.019,"2019-05-21"
-0.0031,-0.0207,"2019-05-22"
-0.0123,-0.0172,"2019-05-23"
0.0023,-0.0038,"2019-05-24"
-0.0093,-0.0041,"2019-05-28"
-0.0067,-0.0048,"2019-05-29"
0.0027,0.0052,"2019-05-30"
-0.0136,-0.0183,"2019-05-31"
-0.0025,-0.0102,"2019-06-03"
0.0215,0.0359,"2019-06-04"
0.0086,0.016,"2019-06-05"
0.0065,0.0146,"2019-06-06"
0.01,0.0263,"2019-06-07"
0.0046,0.0127,"2019-06-10"
-2e-04,0.0115,"2019-06-11"
-0.0018,-0.0032,"2019-06-12"
0.0041,-2e-04,"2019-06-13"
-0.0011,-0.0073,"2019-06-14"
4e-04,0.0059,"2019-06-17"
0.0104,0.0232,"2019-06-18"
0.0023,-0.0029,"2019-06-19"
0.0095,0.008,"2019-06-20"
-0.0015,-0.0034,"2019-06-21"
-0.0012,-0.001,"2019-06-24"
-0.0099,-0.0153,"2019-06-25"
-0.001,0.0214,"2019-06-26"
0.0035,-3e-04,"2019-06-27"
0.0051,-0.0092,"2019-06-28"
0.009,0.0182,"2019-07-01"
0.0026,0.0058,"2019-07-02"
0.008,0.0083,"2019-07-03"
-0.0011,-9e-04,"2019-07-05"
-0.0055,-0.0208,"2019-07-08"
0.0012,0.0061,"2019-07-09"
0.0048,0.0098,"2019-07-10"
0.0023,-0.0073,"2019-07-11"
0.0045,0.0077,"2019-07-12"
3e-04,0.0094,"2019-07-15"
-0.0032,-0.0035,"2019-07-16"
-0.0068,-0.0056,"2019-07-17"
0.0037,0.0113,"2019-07-18"
-0.0056,-0.015,"2019-07-19"
0.0025,0.0226,"2019-07-22"
0.0071,0.0078,"2019-07-23"
0.0047,-8e-04,"2019-07-24"
-0.0048,-0.0079,"2019-07-25"
0.0067,0.0035,"2019-07-26"
-0.0018,0.0093,"2019-07-29"
-0.0025,-0.0043,"2019-07-30"
-0.011,0.0202,"2019-07-31"
-0.0087,-0.0219,"2019-08-01"
-0.0076,-0.0214,"2019-08-02"
-0.0305,-0.0538,"2019-08-05"
0.0139,0.0188,"2019-08-06"
6e-04,0.0103,"2019-08-07"
0.0194,0.0218,"2019-08-08"
-0.0068,-0.0083,"2019-08-09"
-0.0122,-0.0025,"2019-08-12"
0.0154,0.0415,"2019-08-13"
-0.03,-0.0302,"2019-08-14"
0.0026,-0.005,"2019-08-15"
0.0146,0.0233,"2019-08-16"
0.012,0.0185,"2019-08-19"
-0.0077,0,"2019-08-20"
0.0081,0.0108,"2019-08-21"
-3e-04,-8e-04,"2019-08-22"
-0.026,-0.0473,"2019-08-23"
0.011,0.0188,"2019-08-26"
-0.0039,-0.0113,"2019-08-27"
0.007,0.0067,"2019-08-28"
0.0127,0.0168,"2019-08-29"
-4e-04,-0.0013,"2019-08-30"
-0.0059,-0.0147,"2019-09-03"
0.0113,0.0168,"2019-09-04"
0.0128,0.0194,"2019-09-05"
8e-04,-1e-04,"2019-09-06"
5e-04,0.0043,"2019-09-09"
-2e-04,0.0117,"2019-09-10"
0.0071,0.0313,"2019-09-11"
0.0035,-0.0022,"2019-09-12"
-7e-04,-0.0196,"2019-09-13"
-0.0031,0.0052,"2019-09-16"
0.0025,0.0036,"2019-09-17"
6e-04,0.0093,"2019-09-18"
-1e-04,-0.0082,"2019-09-19"
-0.0047,-0.0147,"2019-09-20"
-2e-04,0.0045,"2019-09-23"
-0.0079,-0.0048,"2019-09-24"
0.0059,0.0153,"2019-09-25"
-0.0021,-0.0052,"2019-09-26"
-0.0054,-0.0049,"2019-09-27"
0.0046,0.0233,"2019-09-30"
-0.012,0.0028,"2019-10-01"
-0.0178,-0.0254,"2019-10-02"
0.0082,0.0085,"2019-10-03"
0.0134,0.0276,"2019-10-04"
-0.0043,2e-04,"2019-10-07"
-0.0156,-0.0118,"2019-10-08"
0.0095,0.0117,"2019-10-09"
0.0067,0.0134,"2019-10-10"
0.0103,0.0263,"2019-10-11"
-0.0011,-0.0014,"2019-10-14"
0.0099,-0.0023,"2019-10-15"
-0.0016,-0.004,"2019-10-16"
0.0029,0.0039,"2019-10-17"
-0.0044,0.0048,"2019-10-18"
0.0068,0.0172,"2019-10-21"
-0.0033,-0.0023,"2019-10-22"
0.0029,0.0133,"2019-10-23"
0.0016,0.0016,"2019-10-24"
0.0041,0.0122,"2019-10-25"
0.0056,0.01,"2019-10-28"
-3e-04,-0.0234,"2019-10-29"
0.0031,-1e-04,"2019-10-30"
-0.0027,0.0224,"2019-10-31"
0.0092,0.028,"2019-11-01"
0.004,0.0065,"2019-11-04"
-0.0011,-0.0014,"2019-11-05"
2e-04,4e-04,"2019-11-06"
0.0035,0.0115,"2019-11-07"
0.0025,0.0027,"2019-11-08"
-0.0019,0.0079,"2019-11-11"
0.0021,-9e-04,"2019-11-12"
3e-04,0.0095,"2019-11-13"
0.0015,-0.0069,"2019-11-14"
0.0072,0.0118,"2019-11-15"
7e-04,0.005,"2019-11-18"
-3e-04,-0.003,"2019-11-19"
-0.0037,-0.0117,"2019-11-20"
-0.0016,-0.0045,"2019-11-21"
0.0022,-9e-04,"2019-11-22"
0.0077,0.0174,"2019-11-25"
0.0023,-0.0078,"2019-11-26"
0.0044,0.0133,"2019-11-27"
-0.0037,-0.0022,"2019-11-29"
-0.0085,-0.0116,"2019-12-02"
-0.0067,-0.018,"2019-12-03"
0.0062,0.0088,"2019-12-04"
0.0018,0.0146,"2019-12-05"
0.0091,0.0191,"2019-12-06"
-0.0031,-0.0141,"2019-12-09"
-0.0011,0.0058,"2019-12-10"
0.0028,0.0085,"2019-12-11"
0.0086,0.0025,"2019-12-12"
6e-04,0.0135,"2019-12-13"
0.0068,0.017,"2019-12-16"
2e-04,0.002,"2019-12-17"
1e-04,-0.0024,"2019-12-18"
0.0041,0.001,"2019-12-19"
0.0044,-0.0021,"2019-12-20"
0.0015,0.0162,"2019-12-23"
0,0.001,"2019-12-24"
0.0053,0.0196,"2019-12-26"
-2e-04,-4e-04,"2019-12-27"
-0.0055,0.0059,"2019-12-30"
0.0024,0.0073,"2019-12-31"
0.0093,0.0226,"2020-01-02"
-0.0076,-0.0098,"2020-01-03"
0.0038,0.0079,"2020-01-06"
-0.0028,-0.0047,"2020-01-07"
0.0053,0.016,"2020-01-08"
0.0068,0.021,"2020-01-09"
-0.0029,0.0023,"2020-01-10"
0.0069,0.0211,"2020-01-13"
-0.0015,-0.0136,"2020-01-14"
0.0023,-0.0043,"2020-01-15"
0.0083,0.0124,"2020-01-16"
0.0031,0.011,"2020-01-17"
-0.002,-0.0068,"2020-01-21"
1e-04,0.0036,"2020-01-22"
0.0011,0.0048,"2020-01-23"
-0.0089,-0.0029,"2020-01-24"
-0.0162,-0.0298,"2020-01-27"
0.0104,0.0279,"2020-01-28"
-8e-04,0.0207,"2020-01-29"
0.0032,-0.0015,"2020-01-30"
-0.0183,-0.0454,"2020-01-31"
0.0074,-0.0028,"2020-02-03"
0.0151,0.0325,"2020-02-04"
0.0115,0.0081,"2020-02-05"
0.0034,0.0116,"2020-02-06"
-0.0053,-0.0137,"2020-02-07"
0.0074,0.0047,"2020-02-10"
0.0017,-0.0061,"2020-02-11"
0.0064,0.0235,"2020-02-12"
-0.0011,-0.0071,"2020-02-13"
0.0016,2e-04,"2020-02-14"
-0.0026,-0.0185,"2020-02-18"
0.0048,0.0144,"2020-02-19"
-0.0041,-0.0103,"2020-02-20"
-0.0104,-0.0229,"2020-02-21"
-0.0337,-0.0487,"2020-02-24"
-0.0308,-0.0345,"2020-02-25"
-0.0037,0.0157,"2020-02-26"
-0.046,-0.0676,"2020-02-27"
-0.0042,-6e-04,"2020-02-28"
0.0424,0.089,"2020-03-02"
-0.0291,-0.0323,"2020-03-03"
0.0412,0.0453,"2020-03-04"
-0.0338,-0.033,"2020-03-05"
-0.0167,-0.0134,"2020-03-06"
-0.0813,-0.0824,"2020-03-09"
0.0505,0.0695,"2020-03-10"
-0.05,-0.0353,"2020-03-11"
-0.1006,-0.104,"2020-03-12"
0.082,0.1132,"2020-03-13"
-0.1159,-0.1377,"2020-03-16"
0.0526,0.043,"2020-03-17"
-0.052,-0.0248,"2020-03-18"
0.0021,-0.0077,"2020-03-19"
-0.0441,-0.0656,"2020-03-20"
-0.0259,-0.0215,"2020-03-23"
0.0867,0.0956,"2020-03-24"
0.0149,-0.0055,"2020-03-25"
0.0567,0.0513,"2020-03-26"
-0.0302,-0.0423,"2020-03-27"
0.032,0.0281,"2020-03-30"
-0.015,-0.002,"2020-03-31"
-0.046,-0.0541,"2020-04-01"
0.0228,0.0165,"2020-04-02"
-0.0146,-0.0145,"2020-04-03"
0.065,0.0836,"2020-04-06"
0.001,-0.0117,"2020-04-07"
0.033,0.0253,"2020-04-08"
0.0151,0.0072,"2020-04-09"
-0.0092,0.0194,"2020-04-13"
0.0291,0.0493,"2020-04-14"
-0.0215,-0.0092,"2020-04-15"
0.0048,0.0079,"2020-04-16"
0.0267,-0.0137,"2020-04-17"
-0.0178,-0.021,"2020-04-20"
-0.0308,-0.0314,"2020-04-21"
0.022,0.0284,"2020-04-22"
-1e-04,-0.0039,"2020-04-23"
0.0138,0.0285,"2020-04-24"
0.0143,7e-04,"2020-04-27"
-0.0046,-0.0163,"2020-04-28"
0.0258,0.0323,"2020-04-29"
-0.0094,0.0209,"2020-04-30"
-0.0268,-0.0162,"2020-05-01"
0.0028,0.014,"2020-05-04"
0.0092,0.0149,"2020-05-05"
-0.0068,0.0103,"2020-05-06"
0.012,0.0103,"2020-05-07"
0.0164,0.0235,"2020-05-08"
2e-04,0.0156,"2020-05-11"
-0.0201,-0.0115,"2020-05-12"
-0.0178,-0.0121,"2020-05-13"
0.0119,0.0061,"2020-05-14"
0.0046,-0.0059,"2020-05-15"
0.03,0.0233,"2020-05-18"
-0.0103,-0.0058,"2020-05-19"
0.0168,0.0193,"2020-05-20"
-0.0069,-0.0075,"2020-05-21"
0.0019,0.0064,"2020-05-22"
0.0122,-0.0068,"2020-05-26"
0.0148,0.0043,"2020-05-27"
-0.0018,4e-04,"2020-05-28"
0.0044,-0.001,"2020-05-29"
0.004,0.0122,"2020-06-01"
0.0082,0.0046,"2020-06-02"
0.0132,0.0055,"2020-06-03"
-0.0026,-0.0086,"2020-06-04"
0.0253,0.0281,"2020-06-05"
0.012,0.0059,"2020-06-08"
-0.0075,0.0311,"2020-06-09"
-0.0056,0.0254,"2020-06-10"
-0.0594,-0.0492,"2020-06-11"
0.0119,0.0086,"2020-06-12"
0.0093,0.0123,"2020-06-15"
0.0191,0.0262,"2020-06-16"
-0.0042,-0.0014,"2020-06-17"
4e-04,4e-04,"2020-06-18"
-0.0057,-0.0057,"2020-06-19"
0.0064,0.0258,"2020-06-22"
0.0046,0.0211,"2020-06-23"
-0.0258,-0.0178,"2020-06-24"
0.0107,0.0132,"2020-06-25"
-0.024,-0.0312,"2020-06-26"
0.0146,0.0228,"2020-06-29"
0.0127,0.0083,"2020-06-30"
0.007,-0.0019,"2020-07-01"
0.0055,0,"2020-07-02"
0.0153,0.0264,"2020-07-06"
-0.0104,-0.0031,"2020-07-07"
0.0076,0.023,"2020-07-08"
-0.0057,0.0043,"2020-07-09"
0.0102,0.0017,"2020-07-10"
-0.0087,-0.0046,"2020-07-13"
0.0129,0.0164,"2020-07-14"
0.0091,0.0069,"2020-07-15"
-0.0033,-0.0124,"2020-07-16"
0.0029,-0.002,"2020-07-17"
0.008,0.0209,"2020-07-20"
0.0021,-0.0139,"2020-07-21"
0.0057,0.0028,"2020-07-22"
-0.012,-0.0466,"2020-07-23"
-0.0065,-0.0025,"2020-07-24"
0.0073,0.0234,"2020-07-27"
-0.0064,-0.0166,"2020-07-28"
0.0122,0.019,"2020-07-29"
-0.0036,0.012,"2020-07-30"
0.0079,0.0996,"2020-07-31"
0.0069,0.0249,"2020-08-03"
0.0039,0.0067,"2020-08-04"
0.0062,0.0036,"2020-08-05"
0.0067,0.0343,"2020-08-06"
7e-04,-0.023,"2020-08-07"
0.003,0.0144,"2020-08-10"
-0.0083,-0.0302,"2020-08-11"
0.0138,0.0327,"2020-08-12"
-0.0018,0.0175,"2020-08-13"
0,-9e-04,"2020-08-14"
0.0032,-0.0026,"2020-08-17"
0.0022,0.0083,"2020-08-18"
-0.0042,0.0013,"2020-08-19"
0.0031,0.0219,"2020-08-20"
0.0035,0.0502,"2020-08-21"
0.0101,0.0119,"2020-08-24"
0.0035,-0.0082,"2020-08-25"
0.01,0.0135,"2020-08-26"
0.0022,-0.012,"2020-08-27"
0.0064,-0.0016,"2020-08-28"
-0.0036,0.0333,"2020-08-31"
0.0094,0.0391,"2020-09-01"
0.0144,-0.0209,"2020-09-02"
-0.035,-0.0834,"2020-09-03"
-0.0082,7e-04,"2020-09-04"
-0.0277,-0.0697,"2020-09-08"
0.0196,0.0391,"2020-09-09"
-0.0175,-0.0332,"2020-09-10"
5e-04,-0.0132,"2020-09-11"
0.0131,0.0296,"2020-09-14"
0.005,0.0016,"2020-09-15"
-0.004,-0.03,"2020-09-16"
-0.0088,-0.0161,"2020-09-17"
-0.0116,-0.0322,"2020-09-18"
-0.0112,0.0299,"2020-09-21"
0.0101,0.0156,"2020-09-22"
-0.0235,-0.0429,"2020-09-23"
0.0027,0.0102,"2020-09-24"
0.016,0.0368,"2020-09-25"
0.0165,0.0236,"2020-09-28"
-0.0055,-0.0076,"2020-09-29"
0.0076,0.015,"2020-09-30"
0.0064,0.0084,"2020-10-01"
-0.0095,-0.0328,"2020-10-02"
0.0176,0.0303,"2020-10-05"
-0.0143,-0.0291,"2020-10-06"
0.0173,0.0168,"2020-10-07"
0.0088,-0.001,"2020-10-08"
0.0089,0.0172,"2020-10-09"
0.016,0.0616,"2020-10-12"
-0.0065,-0.0269,"2020-10-13"
-0.0063,7e-04,"2020-10-14"
-0.0012,-0.004,"2020-10-15"
-6e-04,-0.0141,"2020-10-16"
-0.0153,-0.0259,"2020-10-19"
0.004,0.0131,"2020-10-20"
-0.0019,-0.0055,"2020-10-21"
0.0055,-0.0096,"2020-10-22"
0.0034,-0.0062,"2020-10-23"
-0.0187,1e-04,"2020-10-26"
-0.0035,0.0134,"2020-10-27"
-0.0348,-0.0474,"2020-10-28"
0.0101,0.0364,"2020-10-29"
-0.0105,-0.0576,"2020-10-30"
0.0111,-8e-04,"2020-11-02"
0.0175,0.0152,"2020-11-03"
0.0221,0.04,"2020-11-04"
0.0193,0.0349,"2020-11-05"
-2e-04,-0.0011,"2020-11-06"
0.0125,-0.0202,"2020-11-09"
-0.0015,-0.003,"2020-11-10"
0.0074,0.0299,"2020-11-11"
-0.0097,-0.0023,"2020-11-12"
0.0137,4e-04,"2020-11-13"
0.0124,0.0087,"2020-11-16"
-0.0054,-0.0076,"2020-11-17"
-0.0121,-0.0115,"2020-11-18"
0.0042,0.0052,"2020-11-19"
-0.0069,-0.011,"2020-11-20"
0.006,-0.0302,"2020-11-23"
0.016,0.0115,"2020-11-24"
-0.0015,0.0074,"2020-11-25"
0.0028,0.0048,"2020-11-27"
-0.0044,0.0209,"2020-11-30"
0.0109,0.0304,"2020-12-01"
0.0021,0.0029,"2020-12-02"
-3e-04,-0.0011,"2020-12-03"
0.0086,-0.0056,"2020-12-04"
-0.0021,0.0122,"2020-12-07"
0.0029,0.0051,"2020-12-08"
-0.009,-0.0211,"2020-12-09"
-3e-04,0.0119,"2020-12-10"
-0.0012,-0.0068,"2020-12-11"
-0.0045,-0.0052,"2020-12-14"
0.0134,0.0489,"2020-12-15"
0.0016,-5e-04,"2020-12-16"
0.0056,0.0069,"2020-12-17"
-0.004,-0.016,"2020-12-18"
-0.0036,0.0123,"2020-12-21"
-0.0017,0.0281,"2020-12-22"
9e-04,-0.007,"2020-12-23"
0.0039,0.0077,"2020-12-24"
0.0086,0.0351,"2020-12-28"
-0.0019,-0.0134,"2020-12-29"
0.0014,-0.0086,"2020-12-30"
0.0051,-0.0077,"2020-12-31"
-0.0137,-0.025,"2021-01-04"
0.0069,0.0123,"2021-01-05"
0.006,-0.0342,"2021-01-06"
0.0147,0.0336,"2021-01-07"
0.0057,0.0086,"2021-01-08"
-0.0068,-0.0235,"2021-01-11"
2e-04,-0.0014,"2021-01-12"
0.0027,0.0161,"2021-01-13"
-0.0035,-0.0152,"2021-01-14"
-0.0073,-0.0138,"2021-01-15"
0.0078,0.0054,"2021-01-19"
0.0137,0.0323,"2021-01-20"
9e-04,0.036,"2021-01-21"
-0.0035,0.0159,"2021-01-22"
0.0039,0.0273,"2021-01-25"
-0.0016,0.0017,"2021-01-26"
-0.0247,-0.0077,"2021-01-27"
0.0086,-0.0356,"2021-01-28"
-0.0202,-0.0381,"2021-01-29"
0.0165,0.0164,"2021-02-01"
0.014,0.0063,"2021-02-02"
8e-04,-0.0078,"2021-02-03"
0.0113,0.0254,"2021-02-04"
0.0039,-0.0031,"2021-02-05"
0.0072,0.0011,"2021-02-08"
-7e-04,-0.0066,"2021-02-09"
-4e-04,-0.0046,"2021-02-10"
0.0016,-0.0019,"2021-02-11"
0.0049,0.0018,"2021-02-12"
-9e-04,-0.0162,"2021-02-16"
2e-04,-0.0178,"2021-02-17"
-0.0043,-0.0087,"2021-02-18"
-0.0018,0.0012,"2021-02-19"
-0.0077,-0.0303,"2021-02-22"
0.0012,-0.0011,"2021-02-23"
0.011,-0.0041,"2021-02-24"
-0.0244,-0.0354,"2021-02-25"
-0.0052,0.0022,"2021-02-26"
0.024,0.0525,"2021-03-01"
-0.0078,-0.0211,"2021-03-02"
-0.0133,-0.0248,"2021-03-03"
-0.0125,-0.0159,"2021-03-04"
0.0182,0.0107,"2021-03-05"
-0.005,-0.0426,"2021-03-08"
0.0142,0.0398,"2021-03-09"
0.0062,-0.0092,"2021-03-10"
0.0101,0.0164,"2021-03-11"
0.0013,-0.0077,"2021-03-12"
0.0059,0.0242,"2021-03-15"
-0.0013,0.0127,"2021-03-16"
0.0034,-0.0065,"2021-03-17"
-0.0147,-0.0345,"2021-03-18"
-0.0019,-0.0045,"2021-03-19"
0.008,0.0279,"2021-03-22"
-0.0079,-0.0069,"2021-03-23"
-0.0051,-0.0202,"2021-03-24"
0.0056,0.0042,"2021-03-25"
0.016,0.0051,"2021-03-26"
-5e-04,0.0015,"2021-03-29"
-0.0027,-0.0124,"2021-03-30"
0.004,0.0186,"2021-03-31"
0.0107,0.0069,"2021-04-01"
0.0143,0.0233,"2021-04-05"
-6e-04,0.0025,"2021-04-06"
0.0012,0.0133,"2021-04-07"
0.0047,0.0191,"2021-04-08"
0.0072,0.02,"2021-04-09"
4e-04,-0.0133,"2021-04-12"
0.003,0.024,"2021-04-13"
-0.0034,-0.018,"2021-04-14"
0.0107,0.0185,"2021-04-15"
0.0033,-0.0025,"2021-04-16"
-0.0049,0.0051,"2021-04-19"
-0.0073,-0.0129,"2021-04-20"
0.0094,0.0029,"2021-04-21"
-0.0092,-0.0118,"2021-04-22"
0.0108,0.0179,"2021-04-23"
0.0021,0.003,"2021-04-26"
-2e-04,-0.0025,"2021-04-27"
-3e-04,-0.006,"2021-04-28"
0.0064,-7e-04,"2021-04-29"
-0.0066,-0.0152,"2021-04-30"
0.0022,0.0082,"2021-05-03"
-0.0062,-0.036,"2021-05-04"
3e-04,0.002,"2021-05-05"
0.008,0.0127,"2021-05-06"
0.0073,0.0053,"2021-05-07"
-0.01,-0.0261,"2021-05-10"
-0.009,-0.0074,"2021-05-11"
-0.0215,-0.0253,"2021-05-12"
0.0119,0.0178,"2021-05-13"
0.0152,0.0197,"2021-05-14"
-0.0025,-0.0093,"2021-05-17"
-0.0087,-0.0113,"2021-05-18"
-0.0026,-0.0013,"2021-05-19"
0.0107,0.0208,"2021-05-20"
-8e-04,-0.0149,"2021-05-21"
0.0101,0.0132,"2021-05-24"
-0.0022,-0.0016,"2021-05-25"
0.002,-4e-04,"2021-05-26"
5e-04,-0.0125,"2021-05-27"
0.0018,-0.0054,"2021-05-28"
-9e-04,-0.0027,"2021-06-01"
0.0016,0.0063,"2021-06-02"
-0.0037,-0.0122,"2021-06-03"
0.0091,0.0188,"2021-06-04"
-0.001,1e-04,"2021-06-07"
2e-04,0.0066,"2021-06-08"
-0.0015,0.0031,"2021-06-09"
0.0046,-0.0081,"2021-06-10"
0.0017,0.0098,"2021-06-11"
0.0022,0.0243,"2021-06-14"
-0.0018,-0.0065,"2021-06-15"
-0.0056,0.0039,"2021-06-16"
-3e-04,0.0125,"2021-06-17"
-0.0136,-0.0101,"2021-06-18"
0.0142,0.014,"2021-06-21"
0.0053,0.0126,"2021-06-22"
-0.0012,-0.0021,"2021-06-23"
0.0059,-0.0022,"2021-06-24"
0.0035,-0.0023,"2021-06-25"
0.002,0.0125,"2021-06-28"
5e-04,0.0114,"2021-06-29"
8e-04,0.0046,"2021-06-30"
0.0055,0.0023,"2021-07-01"
0.0076,0.0194,"2021-07-02"
-0.0018,0.0146,"2021-07-06"
0.0035,0.0178,"2021-07-07"
-0.0082,-0.0092,"2021-07-08"
0.0106,0.013,"2021-07-09"
0.0036,-0.0042,"2021-07-12"
-0.0034,0.0079,"2021-07-13"
0.0015,0.0238,"2021-07-14"
-0.0034,-0.0045,"2021-07-15"
-0.0079,-0.0142,"2021-07-16"
-0.0149,-0.0273,"2021-07-19"
0.0142,0.0256,"2021-07-20"
0.0081,-0.0051,"2021-07-21"
0.0021,0.0096,"2021-07-22"
0.0102,0.0119,"2021-07-23"
0.0025,0.0029,"2021-07-26"
-0.0046,-0.015,"2021-07-27"
-4e-04,-0.0123,"2021-07-28"
0.0041,0.0045,"2021-07-29"
-0.0049,0.0015,"2021-07-30"
-0.0021,-0.0023,"2021-08-02"
0.0081,0.0126,"2021-08-03"
-0.0049,-0.0028,"2021-08-04"
0.0063,7e-04,"2021-08-05"
0.0017,-0.0048,"2021-08-06"
-8e-04,-3e-04,"2021-08-09"
0.0012,-0.0034,"2021-08-10"
0.0025,0.0018,"2021-08-11"
0.003,0.0206,"2021-08-12"
0.0018,0.0014,"2021-08-13"
0.0024,0.0135,"2021-08-16"
-0.0066,-0.0062,"2021-08-17"
-0.011,-0.0258,"2021-08-18"
0.0015,0.0023,"2021-08-19"
0.0079,0.0101,"2021-08-20"
0.0088,0.0102,"2021-08-23"
0.0016,-6e-04,"2021-08-24"
0.0021,-0.0085,"2021-08-25"
-0.0059,-0.0055,"2021-08-26"
0.0089,0.0072,"2021-08-27"
0.0044,0.03,"2021-08-30"
-0.0015,-0.0085,"2021-08-31"
5e-04,0.0045,"2021-09-01"
0.0031,0.0074,"2021-09-02"
-2e-04,0.0042,"2021-09-03"
-0.0036,0.0154,"2021-09-07"
-0.0012,-0.0101,"2021-09-08"
-0.0043,-0.0067,"2021-09-09"
-0.0079,-0.0337,"2021-09-10"
0.0026,0.0039,"2021-09-13"
-0.0054,-0.0096,"2021-09-14"
0.0083,0.0061,"2021-09-15"
-0.0016,-0.0016,"2021-09-16"
-0.0098,-0.0185,"2021-09-17"
-0.0168,-0.0216,"2021-09-20"
-9e-04,0.0034,"2021-09-21"
0.0097,0.0167,"2021-09-22"
0.0121,0.0067,"2021-09-23"
0.0016,6e-04,"2021-09-24"
-0.0029,-0.0106,"2021-09-27"
-0.0204,-0.0241,"2021-09-28"
0.0017,0.0065,"2021-09-29"
-0.0123,-0.0094,"2021-09-30"
0.0118,0.0081,"2021-10-01"
-0.013,-0.0249,"2021-10-04"
0.0104,0.0141,"2021-10-05"
0.0041,0.0063,"2021-10-06"
0.0086,0.009,"2021-10-07"
-0.0018,-0.0027,"2021-10-08"
-0.0073,-6e-04,"2021-10-11"
-0.0025,-0.0091,"2021-10-12"
0.0036,-0.0042,"2021-10-13"
0.0167,0.02,"2021-10-14"
0.0076,0.0075,"2021-10-15"
0.003,0.0117,"2021-10-18"
0.0077,0.015,"2021-10-19"
0.0039,0.0034,"2021-10-20"
0.0026,0.0015,"2021-10-21"
-0.001,-0.0053,"2021-10-22"
0.0053,-3e-04,"2021-10-25"
9e-04,0.0046,"2021-10-26"
-0.0044,-0.0032,"2021-10-27"
0.0096,0.0247,"2021-10-28"
0.002,-0.0183,"2021-10-29"
0.0017,-0.0056,"2021-11-01"
0.004,0.0071,"2021-11-02"
0.0061,0.0098,"2021-11-03"
0.0047,-0.0035,"2021-11-04"
0.0035,0.0036,"2021-11-05"
9e-04,-0.0056,"2021-11-08"
-0.0033,0.0025,"2021-11-09"
-0.0081,-0.0193,"2021-11-10"
3e-04,-3e-04,"2021-11-11"
0.0075,0.0142,"2021-11-12"
3e-04,1e-04,"2021-11-15"
0.004,0.0066,"2021-11-16"
-0.0024,0.0164,"2021-11-17"
0.0034,0.0281,"2021-11-18"
-0.0018,0.0168,"2021-11-19"
-0.0028,0.0029,"2021-11-22"
0.0013,0.0024,"2021-11-23"
0.0027,0.0033,"2021-11-24"
-0.0226,-0.0322,"2021-11-26"
0.0122,0.0216,"2021-11-29"
-0.0196,0.0311,"2021-11-30"
-0.0112,-0.0032,"2021-12-01"
0.0152,-0.0061,"2021-12-02"
-0.0087,-0.0118,"2021-12-03"
0.0118,0.0213,"2021-12-06"
0.0205,0.0348,"2021-12-07"
0.0026,0.0225,"2021-12-08"
-0.0068,-0.003,"2021-12-09"
0.0094,0.0276,"2021-12-10"
-0.0089,-0.0209,"2021-12-13"
-0.0069,-0.0081,"2021-12-14"
0.0155,0.0281,"2021-12-15"
-0.0089,-0.0401,"2021-12-16"
-0.0107,-0.0065,"2021-12-17"
-0.0107,-0.0082,"2021-12-20"
0.0176,0.0189,"2021-12-21"
0.0099,0.0152,"2021-12-22"
0.0062,0.0036,"2021-12-23"
0.0141,0.0227,"2021-12-27"
-8e-04,-0.0058,"2021-12-28"
0.0013,5e-04,"2021-12-29"
-0.0028,-0.0066,"2021-12-30"
-0.0025,-0.0035,"2021-12-31"
0.0058,0.0247,"2022-01-03"
-3e-04,-0.0128,"2022-01-04"
-0.0194,-0.027,"2022-01-05"
-9e-04,-0.0168,"2022-01-06"
-0.004,0.001,"2022-01-07"
-0.0012,1e-04,"2022-01-10"
0.0091,0.0166,"2022-01-11"
0.0027,0.0026,"2022-01-12"
-0.0139,-0.0192,"2022-01-13"
4e-04,0.0051,"2022-01-14"
-0.0179,-0.0191,"2022-01-18"
-0.0104,-0.0212,"2022-01-19"
-0.0111,-0.0104,"2022-01-20"
-0.0198,-0.0128,"2022-01-21"
0.0042,-0.0049,"2022-01-24"
-0.0123,-0.0115,"2022-01-25"
-0.0025,-6e-04,"2022-01-26"
-0.005,-0.0029,"2022-01-27"
0.0245,0.0675,"2022-01-28"
0.0179,0.0258,"2022-01-31"
0.0067,-0.001,"2022-02-01"
0.0097,0.007,"2022-02-02"
-0.0238,-0.0169,"2022-02-03"
0.0047,-0.0017,"2022-02-04"
-0.0032,-0.0042,"2022-02-07"
0.0082,0.0183,"2022-02-08"
0.0145,0.0083,"2022-02-09"
-0.0181,-0.0239,"2022-02-10"
-0.0199,-0.0204,"2022-02-11"
-0.0033,0.0014,"2022-02-14"
0.016,0.0229,"2022-02-15"
0.0011,-0.0014,"2022-02-16"
-0.0216,-0.0215,"2022-02-17"
-0.0065,-0.0094,"2022-02-18"
-0.0108,-0.018,"2022-02-22"
-0.0179,-0.0262,"2022-02-23"
0.0149,0.0165,"2022-02-24"
0.0218,0.0129,"2022-02-25"
-0.0026,0.0016,"2022-02-28"
-0.0153,-0.0117,"2022-03-01"
0.0182,0.0204,"2022-03-02"
-0.005,-0.002,"2022-03-03"
-0.0082,-0.0186,"2022-03-04"
-0.0299,-0.024,"2022-03-07"
-0.0076,-0.0117,"2022-03-08"
0.0265,0.0344,"2022-03-09"
-0.0045,-0.0276,"2022-03-10"
-0.0128,-0.0242,"2022-03-11"
-0.0073,-0.0269,"2022-03-14"
0.0218,0.0292,"2022-03-15"
0.0219,0.0286,"2022-03-16"
0.0124,0.0064,"2022-03-17"
0.0109,0.0207,"2022-03-18"
-3e-04,0.0085,"2022-03-21"
0.0116,0.0206,"2022-03-22"
-0.013,0.0082,"2022-03-23"
0.015,0.0224,"2022-03-24"
0.0049,0.0037,"2022-03-25"
0.0071,0.005,"2022-03-28"
0.0123,0.019,"2022-03-29"
-0.0062,-0.0067,"2022-03-30"
-0.0155,-0.0179,"2022-03-31"
0.0028,-0.0017,"2022-04-01"
0.0085,0.0234,"2022-04-04"
-0.0127,-0.0191,"2022-04-05"
-0.01,-0.0186,"2022-04-06"
0.005,0.0018,"2022-04-07"
-0.0027,-0.012,"2022-04-08"
-0.0172,-0.0258,"2022-04-11"
-0.0037,0.0115,"2022-04-12"
0.0114,0.0162,"2022-04-13"
-0.0125,-0.0304,"2022-04-14"
4e-04,-0.0013,"2022-04-18"
0.016,0.014,"2022-04-19"
-7e-04,-0.001,"2022-04-20"
-0.0151,-0.0049,"2022-04-21"
-0.0278,-0.0282,"2022-04-22"
0.0058,0.0067,"2022-04-25"
-0.0294,-0.038,"2022-04-26"
0.0028,-0.0015,"2022-04-27"
0.0249,0.0442,"2022-04-28"
-0.0377,-0.0373,"2022-04-29"
0.006,0.002,"2022-05-02"
0.0046,0.0096,"2022-05-03"
0.03,0.0402,"2022-05-04"
-0.0362,-0.0573,"2022-05-05"
-0.006,0.0047,"2022-05-06"
-0.0325,-0.0338,"2022-05-09"
0.0023,0.016,"2022-05-10"
-0.016,-0.0532,"2022-05-11"
-0.001,-0.0273,"2022-05-12"
0.0236,0.0314,"2022-05-13"
-0.0041,-0.0107,"2022-05-16"
0.0204,0.0251,"2022-05-17"
-0.0411,-0.0581,"2022-05-18"
-0.0061,-0.0249,"2022-05-19"
4e-04,0.0017,"2022-05-20"
0.0185,0.0393,"2022-05-23"
-0.0077,-0.0194,"2022-05-24"
0.0088,0.0011,"2022-05-25"
0.0198,0.0229,"2022-05-26"
0.0243,0.0399,"2022-05-27"
-0.0056,-0.0054,"2022-05-31"
-0.0081,-9e-04,"2022-06-01"
0.0189,0.0167,"2022-06-02"
-0.0165,-0.0393,"2022-06-03"
0.003,0.0052,"2022-06-06"
0.0095,0.0174,"2022-06-07"
-0.0109,-0.0051,"2022-06-08"
-0.0241,-0.0366,"2022-06-09"
-0.0294,-0.0394,"2022-06-10"
-0.0387,-0.039,"2022-06-13"
-0.003,0.0067,"2022-06-14"
0.0142,0.0199,"2022-06-15"
-0.0337,-0.0405,"2022-06-16"
0.0022,0.0115,"2022-06-17"
0.0249,0.0322,"2022-06-21"
-0.0018,-0.0038,"2022-06-22"
0.0098,0.0213,"2022-06-23"
0.0313,0.0242,"2022-06-24"
-0.0038,0,"2022-06-27"
-0.0206,-0.0302,"2022-06-28"
-8e-04,0.0129,"2022-06-29"
-0.0082,-0.0182,"2022-06-30"
0.0105,0.016,"2022-07-01"
0.0019,0.0188,"2022-07-05"
0.0034,0.0096,"2022-07-06"
0.0149,0.0237,"2022-07-07"
-8e-04,0.0047,"2022-07-08"
-0.0115,-0.0149,"2022-07-11"
-0.0089,0.0068,"2022-07-12"
-0.0053,-0.0025,"2022-07-13"
-0.0024,0.0203,"2022-07-14"
0.0189,0.0114,"2022-07-15"
-0.0083,-0.0209,"2022-07-18"
0.0267,0.0264,"2022-07-19"
0.0064,0.0134,"2022-07-20"
0.0101,0.015,"2022-07-21"
-0.0093,-0.0081,"2022-07-22"
0.0012,-0.0074,"2022-07-25"
-0.0119,-0.0089,"2022-07-26"
0.0256,0.0337,"2022-07-27"
0.0125,0.0036,"2022-07-28"
0.0145,0.0323,"2022-07-29"
-0.003,-0.0062,"2022-08-01"
-0.0066,-0.0093,"2022-08-02"
0.0155,0.0375,"2022-08-03"
-7e-04,-0.0019,"2022-08-04"
-0.0017,-0.0014,"2022-08-05"
-0.0012,-0.0029,"2022-08-08"
-0.004,3e-04,"2022-08-09"
0.0208,0.0259,"2022-08-10"
0,-0.0044,"2022-08-11"
0.0168,0.0212,"2022-08-12"
0.0041,0.0063,"2022-08-15"
0.002,-9e-04,"2022-08-16"
-0.0071,0.0087,"2022-08-17"
0.0029,-0.0023,"2022-08-18"
-0.0135,-0.0152,"2022-08-19"
-0.021,-0.0233,"2022-08-22"
-0.0024,-0.002,"2022-08-23"
0.0032,0.0018,"2022-08-24"
0.014,0.0148,"2022-08-25"
-0.0344,-0.0384,"2022-08-26"
-0.0066,-0.0138,"2022-08-29"
-0.011,-0.0154,"2022-08-30"
-0.0076,-0.0107,"2022-08-31"
0.0031,0.0047,"2022-09-01"
-0.0106,-0.0137,"2022-09-02"
-0.0038,-0.0082,"2022-09-06"
0.0178,0.0092,"2022-09-07"
0.0065,-0.0097,"2022-09-08"
0.0154,0.0187,"2022-09-09"
0.0107,0.0378,"2022-09-12"
-0.0445,-0.0605,"2022-09-13"
0.0038,0.0095,"2022-09-14"
-0.0114,-0.0191,"2022-09-15"
-0.0077,-0.011,"2022-09-16"
0.0077,0.0248,"2022-09-19"
-0.0115,0.0155,"2022-09-20"
-0.0176,-0.0205,"2022-09-21"
-0.0084,-0.0064,"2022-09-22"
-0.0169,-0.0152,"2022-09-23"
-0.0099,0.0023,"2022-09-26"
-0.0026,0.0065,"2022-09-27"
0.0195,-0.0127,"2022-09-28"
-0.0211,-0.0504,"2022-09-29"
-0.0156,-0.0305,"2022-09-30"
0.0261,0.0303,"2022-10-03"
0.0305,0.0253,"2022-10-04"
-0.0023,0.0021,"2022-10-05"
-0.0104,-0.0066,"2022-10-06"
-0.0283,-0.0374,"2022-10-07"
-0.0077,0.0024,"2022-10-10"
-0.0064,-0.0103,"2022-10-11"
-0.0033,-0.0046,"2022-10-12"
0.026,0.0331,"2022-10-13"
-0.0231,-0.0328,"2022-10-14"
0.0254,0.0287,"2022-10-17"
0.0117,0.0094,"2022-10-18"
-0.0071,8e-04,"2022-10-19"
-0.0084,-0.0033,"2022-10-20"
0.024,0.0267,"2022-10-21"
0.0122,0.0147,"2022-10-24"
0.0158,0.0192,"2022-10-25"
-0.0076,-0.0198,"2022-10-26"
-0.0054,-0.0309,"2022-10-27"
0.0235,0.0728,"2022-10-28"
-0.0072,-0.0155,"2022-10-31"
-0.0044,-0.0177,"2022-11-01"
-0.0254,-0.038,"2022-11-02"
-0.0104,-0.0433,"2022-11-03"
0.0143,-0.0019,"2022-11-04"
0.0095,0.0039,"2022-11-07"
0.0054,0.0042,"2022-11-08"
-0.0208,-0.0338,"2022-11-09"
0.0535,0.0852,"2022-11-10"
0.0096,0.0191,"2022-11-11"
-0.0085,-0.0095,"2022-11-14"
0.0085,0.0118,"2022-11-15"
-0.0077,-0.0084,"2022-11-16"
-0.0031,0.0129,"2022-11-17"
0.0045,0.0038,"2022-11-18"
-0.0036,-0.0219,"2022-11-21"
0.0134,0.0146,"2022-11-22"
0.0063,0.0059,"2022-11-23"
-2e-04,-0.0198,"2022-11-25"
-0.0161,-0.0266,"2022-11-28"
-0.0017,-0.0214,"2022-11-29"
0.031,0.0475,"2022-11-30"
-7e-04,0.0019,"2022-12-01"
-0.0012,-0.0034,"2022-12-02"
-0.0182,-0.008,"2022-12-05"
-0.0145,-0.0257,"2022-12-06"
-0.0017,-0.0139,"2022-12-07"
0.0078,0.0121,"2022-12-08"
-0.0075,-0.0034,"2022-12-09"
0.0143,0.0163,"2022-12-12"
0.0075,0.0068,"2022-12-13"
-0.0064,-0.0157,"2022-12-14"
-0.0248,-0.048,"2022-12-15"
-0.0119,-0.0147,"2022-12-16"
-0.0085,-0.016,"2022-12-19"
0.0014,-5e-04,"2022-12-20"
0.0148,0.0235,"2022-12-21"
-0.0144,-0.0241,"2022-12-22"
0.0057,-0.0028,"2022-12-23"
-0.004,-0.014,"2022-12-27"
-0.0125,-0.0312,"2022-12-28"
0.0178,0.0279,"2022-12-29"
-0.0026,0.0025,"2022-12-30"
-0.0042,-0.0381,"2023-01-03"
0.0077,0.0103,"2023-01-04"
-0.0115,-0.0107,"2023-01-05"
0.0227,0.0361,"2023-01-06"
-6e-04,0.0041,"2023-01-09"
0.007,0.0044,"2023-01-10"
0.0126,0.0209,"2023-01-11"
0.0036,-6e-04,"2023-01-12"
0.0039,0.0101,"2023-01-13"
-0.0018,0.0087,"2023-01-17"
-0.0159,-0.0054,"2023-01-18"
-0.0073,4e-04,"2023-01-19"
0.0185,0.019,"2023-01-20"
0.0119,0.0232,"2023-01-23"
-0.0011,0.01,"2023-01-24"
4e-04,-0.0047,"2023-01-25"
0.0109,0.0147,"2023-01-26"
0.0023,0.0136,"2023-01-27"
-0.0126,-0.0203,"2023-01-30"
0.0146,0.009,"2023-01-31"
0.0106,0.0079,"2023-02-01"
0.0145,0.0364,"2023-02-02"
-0.0107,0.0241,"2023-02-03"
-0.0061,-0.0181,"2023-02-06"
0.013,0.0191,"2023-02-07"
-0.011,-0.0178,"2023-02-08"
-0.0087,-0.0069,"2023-02-09"
0.0023,0.0025,"2023-02-10"
0.0117,0.0186,"2023-02-13"
-5e-04,-0.0042,"2023-02-14"
0.0032,0.0138,"2023-02-15"
-0.0139,-0.0105,"2023-02-16"
-0.0025,-0.0076,"2023-02-17"
-0.0203,-0.027,"2023-02-21"
-0.0014,0.0029,"2023-02-22"
0.0053,0.0033,"2023-02-23"
-0.0107,-0.0182,"2023-02-24"
0.0034,0.0082,"2023-02-27"
-0.0037,-0.0035,"2023-02-28"
-0.0038,-0.0143,"2023-03-01"
0.0077,0.0041,"2023-03-02"
0.0159,0.0345,"2023-03-03"
7e-04,0.0184,"2023-03-06"
-0.0154,-0.0146,"2023-03-07"
0.0016,0.0083,"2023-03-08"
-0.0186,-0.015,"2023-03-09"
-0.0145,-0.014,"2023-03-10"
-0.0014,0.0132,"2023-03-13"
0.0164,0.014,"2023-03-14"
-0.0063,0.0026,"2023-03-15"
0.0174,0.0185,"2023-03-16"
-0.0118,-0.0055,"2023-03-17"
0.0096,0.0154,"2023-03-20"
0.013,0.0119,"2023-03-21"
-0.0172,-0.0091,"2023-03-22"
0.0027,0.0069,"2023-03-23"
0.0065,0.0083,"2023-03-24"
0.0019,-0.0124,"2023-03-27"
-0.0022,-0.004,"2023-03-28"
0.0144,0.0196,"2023-03-29"
0.0058,0.0098,"2023-03-30"
0.014,0.0155,"2023-03-31"
0.0038,0.0077,"2023-04-03"
-0.0056,-0.0033,"2023-04-04"
-0.0026,-0.0114,"2023-04-05"
0.0039,0.0055,"2023-04-06"
0.001,-0.0161,"2023-04-10"
3e-04,-0.0076,"2023-04-11"
-0.0041,-0.0044,"2023-04-12"
0.0132,0.0335,"2023-04-13"
-0.0024,-0.0021,"2023-04-14"
0.0036,1e-04,"2023-04-17"
7e-04,0.0075,"2023-04-18"
-2e-04,0.0069,"2023-04-19"
-0.0055,-0.0059,"2023-04-20"
8e-04,-0.0098,"2023-04-21"
0.001,0.0019,"2023-04-24"
-0.016,-0.0095,"2023-04-25"
-0.0042,-1e-04,"2023-04-26"
0.0197,0.028,"2023-04-27"
0.0085,0.0075,"2023-04-28"
-0.001,-5e-04,"2023-05-01"
-0.0113,-0.0062,"2023-05-02"
-0.0069,-0.0065,"2023-05-03"
-0.0071,-0.01,"2023-05-04"
0.0183,0.0459,"2023-05-05"
3e-04,-4e-04,"2023-05-08"
-0.0044,-0.01,"2023-05-09"
0.0047,0.0104,"2023-05-10"
-0.0017,0.0011,"2023-05-11"
-0.0013,-0.0054,"2023-05-12"
0.0034,-0.0029,"2023-05-15"
-0.0067,0,"2023-05-16"
0.0121,0.0036,"2023-05-17"
0.0096,0.0136,"2023-05-18"
-0.0015,6e-04,"2023-05-19"
4e-04,-0.0055,"2023-05-22"
-0.0113,-0.0153,"2023-05-23"
-0.0073,0.0016,"2023-05-24"
0.0086,0.0067,"2023-05-25"
0.0129,0.014,"2023-05-26"
4e-04,0.0106,"2023-05-30"
-0.0056,-3e-04,"2023-05-31"
0.0095,0.0159,"2023-06-01"
0.0144,0.0048,"2023-06-02"
-0.0019,-0.0076,"2023-06-05"
0.0022,-0.0021,"2023-06-06"
-0.0035,-0.0078,"2023-06-07"
0.006,0.0153,"2023-06-08"
0.0018,0.0022,"2023-06-09"
0.009,0.0155,"2023-06-12"
0.0066,-0.0026,"2023-06-13"
0.0012,0.0035,"2023-06-14"
0.0123,0.0111,"2023-06-15"
-0.0034,-0.0059,"2023-06-16"
-0.0052,5e-04,"2023-06-20"
-0.0051,-0.0057,"2023-06-21"
0.0036,0.0164,"2023-06-22"
-0.0076,-0.0017,"2023-06-23"
-0.0041,-0.0076,"2023-06-26"
0.0109,0.0149,"2023-06-27"
5e-04,0.0063,"2023-06-28"
0.0039,0.0018,"2023-06-29"
0.0117,0.0228,"2023-06-30"
0.0011,-0.0078,"2023-07-03"
-0.0015,-0.0059,"2023-07-05"
-0.0079,0.0025,"2023-07-06"
-0.0025,-0.0059,"2023-07-07"
0.0025,-0.0109,"2023-07-10"
0.0063,-0.0028,"2023-07-11"
0.008,0.0089,"2023-07-12"
0.0079,0.004,"2023-07-13"
-6e-04,8e-04,"2023-07-14"
0.0035,0.0172,"2023-07-17"
0.0074,-0.0013,"2023-07-18"
0.0022,0.007,"2023-07-19"
-0.0067,-0.0101,"2023-07-20"
0,-0.0062,"2023-07-21"
0.0045,0.0042,"2023-07-24"
0.0027,0.0045,"2023-07-25"
2e-04,0.0045,"2023-07-26"
-0.0067,-0.0066,"2023-07-27"
0.0097,0.0134,"2023-07-28"
0.0019,0.0032,"2023-07-31"
-0.0029,-0.0043,"2023-08-01"
-0.014,-0.0156,"2023-08-02"
-0.0029,-0.0073,"2023-08-03"
-0.0045,-0.0492,"2023-08-04"
0.0087,-0.0174,"2023-08-07"
-0.0044,0.0053,"2023-08-08"
-0.0067,-0.009,"2023-08-09"
4e-04,-0.0012,"2023-08-10"
-6e-04,3e-04,"2023-08-11"
0.0055,0.0093,"2023-08-14"
-0.0117,-0.0113,"2023-08-15"
-0.0074,-0.005,"2023-08-16"
-0.0076,-0.0147,"2023-08-17"
5e-04,0.0028,"2023-08-18"
0.0065,0.0077,"2023-08-21"
-0.0027,0.0079,"2023-08-22"
0.0111,0.0217,"2023-08-23"
-0.014,-0.0265,"2023-08-24"
0.007,0.0126,"2023-08-25"
0.0063,0.0088,"2023-08-28"
0.0144,0.0216,"2023-08-29"
0.0041,0.019,"2023-08-30"
-0.0015,0.0012,"2023-08-31"
0.0019,0.0084,"2023-09-01"
-0.0043,0.0013,"2023-09-05"
-0.0067,-0.0364,"2023-09-06"
-0.0031,-0.0297,"2023-09-07"
0.0015,0.0035,"2023-09-08"
0.0066,0.0066,"2023-09-11"
-0.0055,-0.0172,"2023-09-12"
0.0012,-0.0119,"2023-09-13"
0.0086,0.0087,"2023-09-14"
-0.0121,-0.0042,"2023-09-15"
6e-04,0.0168,"2023-09-18"
-0.0021,0.0062,"2023-09-19"
-0.0092,-0.0202,"2023-09-20"
-0.0167,-0.0089,"2023-09-21"
-0.0023,0.0049,"2023-09-22"
0.0042,0.0074,"2023-09-25"
-0.0148,-0.0237,"2023-09-26"
4e-04,-0.0089,"2023-09-27"
0.0058,0.0015,"2023-09-28"
-0.0024,0.003,"2023-09-29"
-4e-04,0.0147,"2023-10-02"
-0.0135,-0.0078,"2023-10-03"
0.0073,0.0073,"2023-10-04"
-4e-04,0.0072,"2023-10-05"
0.0118,0.0146,"2023-10-06"
0.0064,0.0084,"2023-10-09"
0.0052,-0.0034,"2023-10-10"
0.0041,0.0079,"2023-10-11"
-0.0061,0.005,"2023-10-12"
-0.005,-0.0103,"2023-10-13"
0.0105,-7e-04,"2023-10-16"
0,-0.0088,"2023-10-17"
-0.0134,-0.0074,"2023-10-18"
-0.0088,-0.0022,"2023-10-19"
-0.0124,-0.0148,"2023-10-20"
-0.0017,7e-04,"2023-10-23"
0.0075,0.0025,"2023-10-24"
-0.0145,-0.0136,"2023-10-25"
-0.012,-0.0249,"2023-10-26"
-0.0045,0.0079,"2023-10-27"
0.0119,0.0122,"2023-10-30"
0.0063,0.0028,"2023-10-31"
0.0106,0.0186,"2023-11-01"
0.019,0.0205,"2023-11-02"
0.0091,-0.0052,"2023-11-03"
0.0023,0.0145,"2023-11-06"
0.0028,0.0143,"2023-11-07"
7e-04,0.0059,"2023-11-08"
-0.0078,-0.0026,"2023-11-09"
0.0155,0.023,"2023-11-10"
-0.001,-0.0086,"2023-11-13"
0.0192,0.0142,"2023-11-14"
0.0021,0.003,"2023-11-15"
0.0012,0.009,"2023-11-16"
0.0012,-1e-04,"2023-11-17"
0.0077,0.0092,"2023-11-20"
-0.0022,-0.0042,"2023-11-21"
0.0039,0.0035,"2023-11-22"
6e-04,-0.007,"2023-11-24"
-0.0018,-9e-04,"2023-11-27"
0.001,0.0032,"2023-11-28"
-7e-04,-0.0054,"2023-11-29"
0.0039,0.0031,"2023-11-30"
0.0059,0.0068,"2023-12-01"
-0.0053,-0.0095,"2023-12-04"
-2e-04,0.0208,"2023-12-05"
-0.004,-0.0057,"2023-12-06"
0.0076,0.0101,"2023-12-07"
0.0043,0.0074,"2023-12-08"
0.0039,-0.013,"2023-12-11"
0.0046,0.0079,"2023-12-12"
0.0137,0.0166,"2023-12-13"
0.0032,8e-04,"2023-12-14"
-0.0016,-0.0027,"2023-12-15"
0.0056,-0.0085,"2023-12-18"
0.0061,0.0053,"2023-12-19"
-0.014,-0.0108,"2023-12-20"
0.0094,-8e-04,"2023-12-21"
0.002,-0.0056,"2023-12-22"
0.0042,-0.0028,"2023-12-26"
0.0018,5e-04,"2023-12-27"
4e-04,0.0022,"2023-12-28"
-0.0029,-0.0054,"2023-12-29"
-0.0056,-0.0364,"2024-01-02"
-0.0082,-0.0075,"2024-01-03"
-0.0032,-0.0128,"2024-01-04"
0.0014,-0.004,"2024-01-05"
0.0142,0.0239,"2024-01-08"
-0.0015,-0.0023,"2024-01-09"
0.0056,0.0057,"2024-01-10"
-4e-04,-0.0032,"2024-01-11"
7e-04,0.0018,"2024-01-12"
-0.0037,-0.0124,"2024-01-16"
-0.0056,-0.0052,"2024-01-17"
0.0089,0.0321,"2024-01-18"
0.0124,0.0154,"2024-01-19"
0.0021,0.0121,"2024-01-22"
0.0029,0.0066,"2024-01-23"
0.0011,-0.0035,"2024-01-24"
0.0054,-0.0017,"2024-01-25"
-0.0013,-0.0091,"2024-01-26"
0.0079,-0.0036,"2024-01-29"
-8e-04,-0.0194,"2024-01-30"
-0.0165,-0.0195,"2024-01-31"
0.013,0.0133,"2024-02-01"
0.0105,-0.0054,"2024-02-02"
-0.0036,0.0098,"2024-02-05"
0.0029,0.0086,"2024-02-06"
0.0083,6e-04,"2024-02-07"
4e-04,-0.0058,"2024-02-08"
0.0058,0.0041,"2024-02-09"
-4e-04,-0.009,"2024-02-12"
-0.0139,-0.0113,"2024-02-13"
0.009,-0.0048,"2024-02-14"
0.0069,-0.0016,"2024-02-15"
-0.005,-0.0085,"2024-02-16"
-0.0055,-0.0041,"2024-02-20"
9e-04,0.0042,"2024-02-21"
0.0205,0.0112,"2024-02-22"
7e-04,-0.0101,"2024-02-23"
-0.0037,-0.0075,"2024-02-26"
0.0019,0.0081,"2024-02-27"
-0.0013,-0.0066,"2024-02-28"
0.0036,-0.0037,"2024-02-29"
0.0093,-0.006,"2024-03-01"
-0.0011,-0.0257,"2024-03-04"
-0.01,-0.0289,"2024-03-05"
0.0051,-0.0059,"2024-03-06"
0.0099,-7e-04,"2024-03-07"
-0.006,0.0102,"2024-03-08"
-9e-04,0.0118,"2024-03-11"
0.0107,0.0028,"2024-03-12"
-0.0016,-0.0122,"2024-03-13"
-0.002,0.0109,"2024-03-14"
-0.0069,-0.0022,"2024-03-15"
0.0059,0.0064,"2024-03-18"
0.0055,0.0135,"2024-03-19"
0.0092,0.0146,"2024-03-20"
0.0033,-0.0417,"2024-03-21"
-0.0019,0.0053,"2024-03-22"
-0.0028,-0.0083,"2024-03-25"
-0.0018,-0.0067,"2024-03-26"
0.0084,0.021,"2024-03-27"
-2e-04,-0.0106,"2024-03-28"
-0.0017,-0.0085,"2024-04-01"
-0.0064,-0.007,"2024-04-02"
0.0011,0.0048,"2024-04-03"
-0.0123,-0.0049,"2024-04-04"
0.0104,0.0045,"2024-04-05"
6e-04,-0.0067,"2024-04-08"
0.0012,0.0072,"2024-04-09"
-0.0101,-0.0112,"2024-04-10"
0.0075,0.0424,"2024-04-11"
-0.0139,0.0086,"2024-04-12"
-0.0126,-0.0221,"2024-04-15"
-0.0018,-0.0194,"2024-04-16"
-0.0059,-0.0082,"2024-04-17"
-0.0021,-0.0057,"2024-04-18"
-0.0088,-0.0123,"2024-04-19"
0.0092,0.0051,"2024-04-22"
0.0118,0.0064,"2024-04-23"
-5e-04,0.0126,"2024-04-24"
-0.0038,0.0051,"2024-04-25"
0.0094,-0.0035,"2024-04-26"
0.0035,0.0245,"2024-04-29"
-0.016,-0.0184,"2024-04-30"
-0.0033,-0.0061,"2024-05-01"
0.0093,0.0218,"2024-05-02"
0.0123,0.0581,"2024-05-03"
0.0103,-0.0091,"2024-05-06"
0.0011,0.0038,"2024-05-07"
1e-04,0.0019,"2024-05-08"
0.0057,0.01,"2024-05-09"
0.0013,-0.0069,"2024-05-10"
1e-04,0.0175,"2024-05-13"
0.0046,0.0062,"2024-05-14"
0.0123,0.0121,"2024-05-15"
-0.0021,6e-04,"2024-05-16"
0.0014,2e-04,"2024-05-17"
0.0012,0.0061,"2024-05-20"
0.0024,0.0068,"2024-05-21"
-0.0029,-0.0076,"2024-05-22"
-0.0073,-0.0213,"2024-05-23"
0.0066,0.0165,"2024-05-24"
7e-04,1e-04,"2024-05-28"
-0.007,0.0016,"2024-05-29"
-0.0067,0.0052,"2024-05-30"
0.0091,0.005,"2024-05-31"
8e-04,0.0092,"2024-06-03"
0.0011,0.0016,"2024-06-04"
0.0118,0.0078,"2024-06-05"
0,-0.0071,"2024-06-06"
-0.0012,0.0123,"2024-06-07"
0.0031,-0.0193,"2024-06-10"
0.0024,0.0701,"2024-06-11"
0.0082,0.0282,"2024-06-12"
0.002,0.0055,"2024-06-13"
6e-04,-0.0082,"2024-06-14"
0.0079,0.0195,"2024-06-17"
0.0025,-0.011,"2024-06-18"
-0.0027,-0.0217,"2024-06-20"
-0.0013,-0.0105,"2024-06-21"
-0.0033,0.0031,"2024-06-24"
0.0038,0.0045,"2024-06-25"
0.0012,0.0198,"2024-06-26"
0.0016,0.004,"2024-06-27"
-0.0039,-0.0164,"2024-06-28"
0.0021,0.0287,"2024-07-01"
0.0067,0.0161,"2024-07-02"
0.0045,0.0058,"2024-07-03"
0.0057,0.0214,"2024-07-05"
0.0012,0.0065,"2024-07-08"
0.001,0.0038,"2024-07-09"
0.0098,0.0186,"2024-07-10"
-0.0087,-0.0235,"2024-07-11"
0.0063,0.013,"2024-07-12"
0.0027,0.0166,"2024-07-15"
0.0059,0.0018,"2024-07-16"
-0.0141,-0.0256,"2024-07-17"
-0.0077,-0.0207,"2024-07-18"
-0.0067,6e-04,"2024-07-19"
0.0103,-0.0016,"2024-07-22"
-0.0016,0.0047,"2024-07-23"
-0.0229,-0.0292,"2024-07-24"
-0.0052,-0.0048,"2024-07-25"
0.0111,0.0022,"2024-07-26"
6e-04,0.0013,"2024-07-29"
-0.0051,0.0026,"2024-07-30"
0.0161,0.0149,"2024-07-31"
-0.0143,-0.0169,"2024-08-01"
-0.0188,0.0068,"2024-08-02"
-0.0296,-0.0494,"2024-08-05"
0.0092,-0.0098,"2024-08-06"
-0.0067,0.0124,"2024-08-07"
0.0229,0.0165,"2024-08-08"
0.0044,0.0136,"2024-08-09"
5e-04,0.0071,"2024-08-12"
0.0163,0.017,"2024-08-13"
0.0031,0.002,"2024-08-14"
0.017,0.0134,"2024-08-15"
0.0022,0.0059,"2024-08-16"
0.0095,-7e-04,"2024-08-19"
-0.0016,0.0027,"2024-08-20"
0.0034,-5e-04,"2024-08-21"
-0.0079,-0.0083,"2024-08-22"
0.0106,0.0102,"2024-08-23"
-0.0024,0.0015,"2024-08-26"
0.0014,0.0037,"2024-08-27"
-0.0058,-0.0068,"2024-08-28"
1e-04,0.0145,"2024-08-29"
0.0095,-0.0034,"2024-08-30"
-0.0208,-0.0276,"2024-09-03"
-0.002,-0.0087,"2024-09-04"
-0.0024,0.0069,"2024-09-05"
-0.017,-0.007,"2024-09-06"
0.0111,4e-04,"2024-09-09"
0.0043,-0.0036,"2024-09-10"
0.0102,0.0115,"2024-09-11"
0.0084,5e-04,"2024-09-12"
0.0052,-0.0012,"2024-09-13"
0.0015,-0.0282,"2024-09-16"
4e-04,0.0022,"2024-09-17"
-0.003,0.0178,"2024-09-18"
0.0169,0.0364,"2024-09-19"
-0.0017,-0.0029,"2024-09-20"
0.0025,-0.0076,"2024-09-23"
0.0029,0.004,"2024-09-24"
-0.0022,-0.0044,"2024-09-25"
0.004,0.0051,"2024-09-26"
-0.0015,0.0012,"2024-09-27"
0.004,0.0226,"2024-09-30"
-0.009,-0.0296,"2024-10-01"
4e-04,0.0025,"2024-10-02"
-0.0018,-0.0049,"2024-10-03"
0.009,0.005,"2024-10-04"
-0.0091,-0.0228,"2024-10-07"
0.0094,0.0182,"2024-10-08"
0.0069,0.0166,"2024-10-09"
-0.0018,-0.0022,"2024-10-10"
0.006,-0.0065,"2024-10-11"
0.0081,0.0163,"2024-10-14"
-0.0078,0.011,"2024-10-15"
0.0043,-0.0089,"2024-10-16"
1e-04,0.0016,"2024-10-17"
0.0038,0.0122,"2024-10-18"
-0.0016,0.0063,"2024-10-21"
-5e-04,-0.0026,"2024-10-22"
-0.0092,-0.0219,"2024-10-23"
0.0022,-8e-04,"2024-10-24"
-3e-04,0.0036,"2024-10-25"
0.0031,0.0086,"2024-10-28"
0.0016,0.0012,"2024-10-29"
-0.003,-0.0154,"2024-10-30"
-0.0198,-0.0184,"2024-10-31"
0.0042,-0.0134,"2024-11-01"
-0.0022,-0.004,"2024-11-04"
0.012,0.0065,"2024-11-05"
0.0246,-0.0033,"2024-11-06"
0.0077,0.0211,"2024-11-07"
0.0043,-0.0012,"2024-11-08"
0.001,-0.0121,"2024-11-11"
-0.0031,0,"2024-11-12"
5e-04,0.004,"2024-11-13"
-0.0065,0.0137,"2024-11-14"
-0.0129,-0.0142,"2024-11-15"
0.0041,0.0133,"2024-11-18"
0.0036,0.0011,"2024-11-19"
3e-04,0.0031,"2024-11-20"
0.0054,-0.0021,"2024-11-21"
0.0031,0.0059,"2024-11-22"
0.0034,0.013,"2024-11-25"
0.0052,0.0094,"2024-11-26"
-0.003,-6e-04,"2024-11-27"
0.0062,0.0102,"2024-11-29"
0.0018,0.0095,"2024-12-02"
5e-04,0.0127,"2024-12-03"
0.0062,0.0015,"2024-12-04"
-0.0016,1e-04,"2024-12-05"
0.0019,-8e-04,"2024-12-06"
-0.0052,0.016,"2024-12-09"
-0.0031,0.0041,"2024-12-10"
0.0077,-0.0052,"2024-12-11"
-0.0052,0.0059,"2024-12-12"
-2e-04,7e-04,"2024-12-13"
0.0043,0.0117,"2024-12-16"
-0.0041,0.0097,"2024-12-17"
-0.0303,-0.0217,"2024-12-18"
-3e-04,0.007,"2024-12-19"
0.0119,0.0186,"2024-12-20"
0.006,0.0031,"2024-12-23"
0.0111,0.0114,"2024-12-24"
1e-04,0.0032,"2024-12-26"
-0.0106,-0.0133,"2024-12-27"
-0.0115,-0.0134,"2024-12-30"
-0.0036,-0.0071,"2024-12-31"
